sample_num,site,date,time,field_temp,field_EC,lab_pH,lab_EC,bottles_collected,bottle_site_num,tin_num,tin_weight,tin_filter_weight,bottle_tare,bottle_full,tin_filter_sed_weight,tin_filter_sed_ashed_weight,notes,time_cleaned
1,Warm_Sp,2024-10-11,15:00,-9999,-9999,8.39,-9999,"TSS, Nuts",-9999,19,1.075,1.208,88.57,1135.0,1.208,1.205,,15:00:00
2,SH_Cr,2024-10-11,11:34,-9999,-9999,7.91,-9999,"TSS, Nuts",-9999,26,1.083,1.214,88.54,1133.87,1.234,-9999,,11:34:00
3,Canyon_Cr_SFP,2024-10-11,14:15,-9999,-9999,7.97,-9999,"TSS, Nuts",-9999,25,1.098,1.232,87.5,1117.52,1.241,1.236,,14:15:00
4,BJ_Cr,2024-10-11,15:27,-9999,-9999,7.79,-9999,"TSS, Nuts",-9999,21,1.08,1.213,87.43,1080.3,1.238,-9999,,15:27:00
5,SFP_Alder_Cr,2024-10-12,10:20,12.0,107.0,7.81,-9999,"TSS, Nuts, DOC, Alk",-9999,16,1.095,1.228,88.35,1159.42,1.231,1.228,,10:20:00
6,SFP_DW,2024-10-12,11:15,9.8,103.0,7.87,-9999,"TSS, Nuts, DOC, Alk",-9999,20,1.06,1.195,88.49,1156.48,1.196,1.194,,11:15:00
7,SFP_BJ,2024-10-12,12:30,9.4,98.4,-9999,-9999,DOC,-9999,-9999,-9999,-9999,-9999,-9999,-9999,-9999,"Glass vial broke, sample gone ",12:30:00
8,BJ_Cr,2024-10-12,12:30,8.0,54.0,-9999,-9999,DOC,-9999,-9999,-9999,-9999,-9999,-9999,-9999,-9999,,12:30:00
9,Warm_Sp,2024-10-12,13:15,13.0,114.0,-9999,-9999,DOC,-9999,-9999,-9999,-9999,-9999,-9999,-9999,-9999,,13:15:00
10,SFP_Chap,2024-10-12,13:30,10.5,89.0,-9999,-9999,DOC,-9999,-9999,-9999,-9999,-9999,-9999,-9999,-9999,"Glass vial broke, sample gone ",13:30:00
11,Chapman_Cr,2024-10-12,13:30,8.7,110.0,-9999,-9999,DOC,-9999,-9999,-9999,-9999,-9999,-9999,-9999,-9999,,13:30:00
12,SFP_Wolf_Cr,2024-10-12,14:45,15.4,84.2,8.22,-9999,"TSS, Nuts, DOC,Alk",-9999,18,1.111,1.243,88.23,1153.16,1.244,1.243,,14:45:00
13,Fox_Cr,2024-10-12,15:00,11.5,185.5,-9999,-9999,-9999,-9999,-9999,-9999,-9999,-9999,-9999,-9999,-9999,,15:00:00
14,Canyon_Cr_SFP,2024-10-12,15:45,12.1,103.7,-9999,-9999,DOC,-9999,-9999,-9999,-9999,-9999,-9999,-9999,-9999,,15:45:00
15,SFP_Canyon_Cr,2024-10-12,16:00,11.8,83.7,8.09,-9999,"TSS, Nuts, DOC, Alk",-9999,22,1.11,1.246,88.36,1152.62,1.249,1.248,,16:00:00
16,SH_Cr,2024-10-12,16:30,13.0,98.3,8.05,-9999,"TSS, Nuts, DOC, Alk",-9999,23,1.1103,1.237,87.63,1147.85,1.24,1.23791,,16:30:00
17,SH_Cr,2024-10-13,16:00,13.3,100.2,7.57,-9999,"TSS, Nuts, DOC, Alk",-9999,24,1.065,1.199,88.81,1141.8,1.218,-9999,"Glass vial broke, sample gone ",16:00:00
18,Camp_Cr,2024-10-13,16:30,12.4,84.6,7.61,-9999,"TSS, Nuts, DOC, Alk",-9999,17,1.091,1.226,88.92,1139.68,1.25,1.248,,16:30:00
19,SFP_Alder_Cr,2024-10-19,09:45,7.1,106.8,7.88,-9999,"TSS, Nuts, DOC, Alk",-9999,1,1.08,1.21,87.36,1155.33,1.217,1.213,,09:45:00
20,SFP_DW,2024-10-19,10:30,5.2,103.2,7.87,-9999,"TSS, Nuts, DOC, Alk",-9999,14,1.076,1.212,102.42,1123.3,1.215,1.213,"Glass bottle cracked but still held some water, transferred into a different glass vial, integrity of sample questionable ",10:30:00
21,BJ_Cr,2024-10-19,11:00,4.2,54.1,7.87,-9999,"TSS, Nuts, DOC, Alk",-9999,3,1.09,1.23,101.06,1082.96,1.246,1.237,"Glass vial broke, sample gone ",11:00:00
22,Warm_Sp,2024-10-19,11:40,8.2,115.2,8.27,-9999,"TSS, Nuts, DOC, Alk",-9999,7,1.086,1.217,100.99,1135.94,1.214,1.212,"Glass vial broke, sample gone ",11:40:00
23,SFP_Chap,2024-10-19,12:00,5.5,90.4,7.87,-9999,"TSS, Nuts, DOC, Alk",-9999,10,1.083,1.212,103.19,1121.86,1.215,1.214,"Glass vial broke, sample gone ",12:00:00
24,Fox_Cr,2024-10-19,12:20,6.5,187.4,7.64,-9999,"TSS, Nuts, DOC, Alk",-9999,13,1.062,1.193,101.27,1153.79,1.194,1.192,"Glass vial broke, sample gone ",12:20:00
25,SFP_Wolf_Cr,2024-10-19,12:40,6.8,91.2,8.15,-9999,"TSS, Nuts, DOC, Alk",-9999,9,1.063,1.193,101.2,1140.83,1.195,1.191,"Glass vial broke, sample gone ",12:40:00
26,Canyon_Cr_SFP,2024-10-19,13:00,6.9,108.9,7.9,-9999,"TSS, Nuts, DOC, Alk",-9999,11,1.085,1.215,101.63,1141.61,1.219,1.217,"Glass bottle cracked but still held some water, transferred into a different glass vial, integrity of sample questionable ",13:00:00
27,SFP_Canyon_Cr,2024-10-19,13:15,7.3,81.7,8.09,-9999,"TSS, Nuts, DOC, Alk",-9999,15,1.085,1.214,103.07,1130.51,1.217,1.216,,13:15:00
28,Camp_Cr,2024-10-19,13:45,8.1,79.8,7.97,-9999,"TSS, Nuts, DOC, Alk",-9999,8,1.107,1.237,101.39,1113.49,1.241,1.239,"Glass vial broke, sample gone ",13:45:00
29,SH_Cr,2024-10-19,14:10,8.1,89.5,7.9,-9999,"TSS, Nuts, DOC, Alk",-9999,12,1.067,1.196,101.43,1001.98,1.214,1.211,"Glass vial broke, sample gone ",14:10:00
30,SFP_Wapiti,2024-10-19,15:00,7.6,78.2,7.92,-9999,"TSS, Nuts, DOC, Alk",-9999,2,1.15,1.27,101.07,1152.46,1.229,1.22829,"Glass vial broke, sample gone ",15:00:00
31,Avalanche_Cr,2024-10-19,17:40,9.6,130.5,8.13,-9999,"TSS, Nuts, DOC, Alk",-9999,4,1.1,1.23,101.45,1110.23,1.24,1.237,,17:40:00
32,Canyon_cr_avalanche (HP_old),2024-10-19,18:00,7.9,101.6,8.06,-9999,"TSS, Nuts, DOC, Alk",-9999,5,1.08,1.21,101.21,1153.17,1.223,1.22,"Glass vial broke, sample gone ",18:00:00
33,SFP_BJ,2024-10-19,18:20,9.6,97.8,8.13,-9999,"TSS, Nuts, DOC, Alk",-9999,6,1.11,1.23,101.4,1143.84,1.234,1.23,"Glass vial broke, sample gone ",18:20:00
34,SFP_Wapiti,2024-11-03,10:30,5.1,75.1,7.82,-9999,"TSS, Nuts, DOC, Alk",-9999,27,1.101,1.227,88.73,1142.95,1.2312,1.22705,,10:30:00
35,Camp_Cr,2024-11-03,11:00,2.8,77.0,7.69,-9999,"TSS, Nuts, DOC, Alk",-9999,28,1.108,1.232,88.33,1129.93,1.2364,1.23461,,11:00:00
36,SH_Cr,2024-11-03,11:10,1.7,82.1,7.92,-9999,"TSS, Nuts, DOC, Alk",-9999,29,1.117,1.243,88.79,1120.02,1.2546,1.24751,,11:10:00
37,HP,2024-11-03,12:30,3.0,96.6,7.74,-9999,"TSS, Nuts, DOC, Alk",-9999,30,1.096,1.22,88.64,1136.18,1.224,1.22213,,12:30:00
38,Avalanche_Cr,2024-11-03,13:15,4.0,123.2,8.02,-9999,"TSS, Nuts, DOC, Alk",-9999,31,1.094,1.217,87.64,1123.76,1.2695,1.26391,,13:15:00
39,Canyon_cr_avalanche (HP_old),2024-11-03,13:20,4.0,95.6,7.84,-9999,"TSS, Nuts, DOC, Alk",-9999,32,1.098,1.211,88.13,1139.86,1.2202,-9999,,13:20:00
40,GO_Cr,2024-11-03,13:30,3.7,132.8,7.79,-9999,"TSS, Nuts, DOC, Alk",-9999,33,1.106,1.237,88.55,1055.63,1.2436,1.23988,,13:30:00
41,Fox_Cr,2024-11-03,14:00,4.5,173.6,7.93,-9999,"TSS, Nuts, DOC, Alk",-9999,34,1.065,1.197,88.55,1148.14,1.2019,1.1976,,14:00:00
42,SFP_Wolf_Cr,2024-11-03,14:40,5.4,86.5,8.08,-9999,"TSS, Nuts, DOC, Alk",-9999,35,1.101,1.23,88.71,1136.85,1.2356,1.23254,,14:40:00
43,Canyon_Cr_SFP,2024-11-03,15:00,4.1,103.1,8.08,-9999,"TSS, Nuts, DOC, Alk",-9999,36,1.078,1.209,87.69,1078.19,1.2155,1.21401,,15:00:00
44,SFP_Canyon_Cr,2024-11-03,15:10,5.7,78.4,7.91,-9999,"TSS, Nuts, DOC, Alk",-9999,42,1.069,1.193,101.22,1065.01,1.1993,1.19448,,15:10:00
45,SFP_Chap,2024-11-04,13:00,5.1,86.7,8.1,-9999,"TSS, Nuts, DOC, Alk",-9999,37,1.08,1.21,88.64,1139.5,1.2188,1.21068,,13:00:00
46,Chapman_Cr,2024-11-04,13:20,5.1,105.9,8.03,-9999,"TSS, Nuts, DOC, Alk",-9999,38,1.095,1.227,88.42,1091.96,1.236,1.22905,,13:20:00
47,Warm_Sp,2024-11-04,13:40,8.2,109.4,8.14,-9999,"TSS, Nuts, DOC, Alk",-9999,39,1.101,1.229,87.87,1120.7,1.236,1.23234,,13:40:00
48,SFP_BJ,2024-11-04,14:00,5.8,93.0,8.1,-9999,"TSS, Nuts, DOC, Alk",-9999,40,1.104,1.237,88.01,1105.42,1.2452,1.23789,,14:00:00
49,BJ_Cr,2024-11-04,14:20,4.3,52.3,8.01,-9999,"TSS, Nuts, DOC, Alk",-9999,41,1.062,1.186,88.58,1075.83,1.1922,1.18744,,14:20:00
50,SFP_DW,2024-11-04,16:15,4.9,99.0,7.98,-9999,"TSS, Nuts, DOC, Alk",-9999,43,1.096,1.223,101.44,1091.72,1.2306,1.22174,,16:15:00
51,SFP_Alder_Cr,2024-11-09,08:30,-9999,111.9,8.41,-9999,"TSS, Nuts, DOC, Alk",-9999,44,1.092,1.214,88.07,1115.8,1.21681,1.21594,,08:30:00
52,SFP_DW,2024-11-09,09:40,-9999,104.8,7.93,-9999,"TSS, Nuts, DOC, Alk",-9999,45,1.099,1.223,88.79,1115.61,1.22771,1.22673,,09:40:00
53,BJ_Cr,2024-11-09,10:15,-9999,61.6,8.12,-9999,"TSS, Nuts, DOC, Alk",-9999,46,1.201,1.223,88.56,1119.97,1.22534,1.22395,,10:15:00
54,SFP_BJ,2024-11-09,10:30,-9999,101.5,8.22,-9999,"TSS, Nuts, DOC, Alk",-9999,47,1.095,1.218,88.11,1121.83,1.22115,1.22053,,10:30:00
55,Warm_Sp,2024-11-09,10:35,-9999,116.1,8.02,-9999,"TSS, Nuts, DOC, Alk",-9999,48,1.098,1.222,88.59,1122.91,1.22274,1.22237,,10:35:00
56,SFP_Chap,2024-11-09,10:45,-9999,95.7,7.95,-9999,"TSS, Nuts, DOC, Alk",-9999,49,1.088,1.21,88.12,1130.0,1.21255,1.21184,,10:45:00
57,HP,2024-11-09,11:00,-9999,100.3,7.83,-9999,"TSS, Nuts, DOC, Alk",-9999,50,1.088,1.21,88.73,1133.81,1.21524,1.21425,,11:00:00
58,Avalanche_Cr,2024-11-09,11:15,-9999,127.5,7.85,-9999,"TSS, Nuts, DOC, Alk",-9999,51,1.062,1.185,88.77,1125.45,1.18642,1.18574,,11:15:00
59,GO_Cr,2024-11-09,11:30,-9999,136.5,7.99,-9999,"TSS, Nuts, DOC, Alk",-9999,52,1.055,1.179,88.75,939.39,1.18053,1.17979,,11:30:00
60,Fox_Cr,2024-11-09,11:40,-9999,175.2,8.51,-9999,"Nuts, DOC, Alk",-9999,-9999,-9999,-9999,-9999,-9999,-9999,-9999,TSS bottle leaked in cooler,11:40:00
61,SFP_Wolf_Cr,2024-11-09,11:50,-9999,93.3,7.99,-9999,"TSS, Nuts, DOC, Alk",-9999,54,1.079,1.204,88.75,1143.0,1.20588,1.20511,,11:50:00
62,Canyon_Cr_SFP,2024-11-09,12:00,-9999,107.8,7.98,-9999,"TSS, Nuts, DOC, Alk",-9999,55,1.095,1.218,87.69,1129.6,1.22278,1.22189,,12:00:00
63,SFP_Canyon_Cr,2024-11-09,12:10,-9999,82.1,8.08,-9999,"TSS, Nuts, DOC, Alk",-9999,53,1.083,1.211,88.91,1144.09,1.2108,1.21022,,12:10:00
64,Camp_Cr,2024-11-09,12:20,-9999,79.6,7.88,-9999,"TSS, Nuts, DOC, Alk",-9999,56,1.088,1.213,88.95,1125.12,1.21643,1.2151,,12:20:00
65,SH_Cr,2024-11-09,12:30,-9999,80.5,8.02,-9999,"TSS, Nuts, DOC, Alk",-9999,57,1.074,1.204,88.59,1067.57,1.20766,1.20682,,12:30:00
66,SFP_Wapiti,2024-11-09,12:40,-9999,86.6,8.01,-9999,"TSS, Nuts, DOC, Alk",-9999,58,1.083,1.207,88.31,1117.76,1.21005,1.20902,,12:40:00
67,Wapiti_Cr,2024-11-09,16:00,-9999,87.5,7.92,-9999,"TSS, Nuts, DOC, Alk",-9999,59,1.092,1.213,88.08,1034.73,1.21914,1.21791,,16:00:00
68,SFP_Alder_Cr,2024-11-24,09:15,-9999,94.3,7.96,-9999,"TSS, Nuts, DOC, Alk",-9999,4,1.10401,1.22797,88.51,1143.17,1.25297,1.24823,,09:15:00
69,SFP_DW,2024-11-24,09:54,-9999,115.5,7.85,-9999,"TSS, Nuts, DOC, Alk",-9999,22,1.11079,1.23411,88.35,1137.7,1.24575,1.24357,,09:54:00
70,BJ_Cr,2024-11-24,10:53,-9999,70.3,7.95,-9999,"TSS, Nuts, DOC, Alk",-9999,5,1.08887,1.21197,88.25,1130.7,1.21413,1.21233,,10:53:00
71,SFP_BJ,2024-11-24,16:00,-9999,105.1,7.82,-9999,"TSS, Nuts, DOC, Alk",-9999,13,1.06384,1.18838,87.79,1108.58,1.19682,1.19571,Bottle says SFP at warm springs,16:00:00
72,Warm_Sp,2024-11-24,11:07,-9999,112.4,8.01,-9999,"TSS, Nuts, DOC, Alk",-9999,14,1.07599,1.19937,88.32,1138.31,1.24092,1.23873,,11:07:00
73,SFP_Chap,2024-11-24,11:20,-9999,91.0,7.95,-9999,"TSS, Nuts, DOC, Alk",-9999,8,1.10635,1.22996,88.68,1136.98,1.23372,1.23261,,11:20:00
74,HP,2024-11-24,11:42,-9999,109.9,8.09,-9999,"TSS, Nuts, DOC, Alk",-9999,3,1.10604,1.23191,87.83,1128.19,1.23412,1.23288,,11:42:00
75,Avalanche_Cr,2024-11-24,11:55,-9999,126.9,8.11,-9999,"TSS, Nuts, DOC, Alk",-9999,16,1.09612,1.21856,88.49,1124.38,1.22548,1.22249,,11:55:00
76,GO_Cr,2024-11-24,12:11,-9999,135.9,7.9,-9999,"TSS, Nuts, DOC, Alk",-9999,25,1.09748,1.22225,88.49,837.95,1.22509,1.22367,TSS bottle not completely filled,12:11:00
77,Fox_Cr,2024-11-24,13:30,-9999,188.9,8.03,-9999,"TSS, Nuts, DOC, Alk",-9999,7,1.08234,1.20739,87.46,1127.14,1.20993,1.20851,,13:30:00
78,SFP_Wolf_Cr,2024-11-24,13:14,-9999,88.4,7.86,-9999,"TSS, Nuts, DOC, Alk",-9999,20,1.06125,1.18578,88.33,1126.42,1.18904,1.18784,,13:14:00
79,Canyon_Cr_SFP,2024-11-24,14:05,-9999,108.1,7.87,-9999,"TSS, Nuts, DOC, Alk",-9999,60,1.09381,1.21783,88.4,1137.76,1.22348,1.22174,,14:05:00
80,SFP_Canyon_Cr,2024-11-24,14:15,-9999,77.5,7.92,-9999,"TSS, Nuts, DOC, Alk",-9999,11,1.0855,1.20881,88.46,1137.13,1.21528,1.21436,,14:15:00
81,Camp_Cr,2024-11-24,15:20,-9999,85.3,7.81,-9999,"TSS, Nuts, DOC, Alk",-9999,6,1.10358,1.2263,87.42,1110.77,1.23685,1.23572,,15:20:00
82,SH_Cr,2024-11-24,15:11,-9999,79.4,8.1,-9999,"TSS, Nuts, DOC, Alk",-9999,9,1.06299,1.18718,887.59,1126.84,1.23012,1.22715,,15:11:00
83,SFP_Alder_Cr,2025-01-17,07:44,0.2,25.5,7.32,-9999,"TSS, Nuts, DOC, Alk",-9999,25,1.09747,1.2276,88.43,1124.32,1.22865,1.22795,Lab(omega) EC = 127.5 @7.8C,07:44:00
84,SFP_DW,2025-01-17,08:22,0.3,5.3,7.48,-9999,"TSS, Nuts, DOC, Alk",-9999,13,1.06382,1.18881,88.36,1124.99,1.18921,1.18879,Lab(omega) EC = 120.8 @8.0C,08:22:00
85,BJ_Cr,2025-01-17,09:13,1.1,52.2,7.21,-9999,"TSS, Nuts, DOC, Alk",-9999,9,1.06293,1.189689,87.46,1034.02,1.18888,1.18744,Lab(omega) EC = 64.67 @7.8C,09:13:00
86,SFP_BJ,2025-01-17,09:58,1.2,92.5,7.14,-9999,"TSS, Nuts, DOC, Alk",-9999,20,1.06119,1.19206,88.47,1103.92,1.19452,1.19363,Lab(omega) EC = 114.5 @8.3C,09:58:00
87,Warm_Sp,2025-01-17,10:35,5.3,107.7,7.44,-9999,"TSS, Nuts, DOC, Alk",-9999,46,1.10076,1.23195,87.44,1123.14,1.23693,1.23622,Lab(omega) EC = 133.9 @8.0C,10:35:00
88,SFP_Chap,2025-01-17,16:04,-9999,-9999,7.03,-9999,"TSS, Nuts, DOC, Alk",-9999,14,1.07589,1.2066,88.35,715.64,1.21031,1.20928,Lab(omega) EC = 101.6 @11.9C,16:04:00
89,HP,2025-01-17,11:25,1.3,92.4,7.42,-9999,"TSS, Nuts, DOC, Alk",-9999,60,1.09364,1.22496,88.71,1121.81,1.22545,1.22479,Lab(omega) EC = 114.3 @8.5C,11:25:00
90,Avalanche_Cr,2025-01-17,11:45,1.7,116.8,7.38,-9999,"TSS, Nuts, DOC, Alk",-9999,51,1.06185,1.19312,88.34,1063.49,1.19561,1.1949,Lab(omega) EC = 145.3 @7.2C,11:45:00
91,GO_Cr,2025-01-17,11:57,1.5,121.0,7.06,-9999,"TSS, Nuts, DOC, Alk",-9999,6,1.10344,1.23579,87.63,824.64,1.24951,1.24705,Lab(omega) EC = 130.9 @9.2C,11:57:00
92,Fox_Cr,2025-01-17,15:21,1.2,160.4,7.25,-9999,"TSS, Nuts, DOC, Alk",-9999,5,1.08876,1.21864,88.46,1034.95,1.23582,1.2201,Lab EC(omega) = 199.8 @8.9C,15:21:00
93,SFP_Wolf_Cr,2025-01-17,15:34,1.3,84.5,7.47,-9999,"TSS, Nuts, DOC, Alk",-9999,7,1.08231,1.21231,88.07,920.59,1.21761,1.21658,Lab(omega) EC = 104.4 @7.6C,15:34:00
94,Canyon_Cr_SFP,2025-01-17,14:32,1.7,100.5,7.34,-9999,"TSS, Nuts, DOC, Alk",-9999,50,1.08727,1.21728,87.82,1121.66,1.22062,1.21937,Lab(omega) EC = 124.5 @9.2C,14:32:00
95,SFP_Canyon_Cr,2025-01-17,14:19,1.9,75.4,7.5,-9999,"TSS, Nuts, DOC, Alk",-9999,58,1.0828,1.21334,88.36,1126.74,1.21895,1.21649,Lab(omega) EC = 93.70 @7.9C,14:19:00
96,Camp_Cr,2025-01-17,13:52,1.4,79.5,7.05,-9999,"TSS, Nuts, DOC, Alk",-9999,22,1.11069,1.24128,88.54,634.51,1.24499,1.24419,Lab(omega) EC = 98.33 @11.9C,13:52:00
97,SH_Cr,2025-01-17,13:41,1.3,65.0,7.37,-9999,"TSS, Nuts, DOC, Alk",-9999,8,1.10626,1.23723,88.23,1053.98,1.41141,1.40853,"Lab(metrohm) EC = 81.43 @8.6C, **used both metrohm and omega for lab pH on this sample set and they are very comparable",13:41:00
98,SFP_Alder_Cr,2025-01-30,16:24,0.5,109.2,8.11,-9999,"TSS, Nuts, DOC, Alk",-9999,51,1.06184,1.19256,87.45,1158.5,1.20222,1.20111,Lab(metrohm) EC = 111.5 @7.5C,16:24:00
99,SFP_DW,2025-01-30,15:50,0.5,92.2,8.04,-9999,"TSS, Nuts, DOC, Alk",-9999,6,1.10346,1.23338,88.52,1161.6,1.23482,1.23414,Lab(metrohm) EC = 106.3 @4.7C,15:50:00
100,BJ_Cr,2025-01-30,15:00,0.8,49.7,7.95,-9999,"TSS, Nuts, DOC, Alk",-9999,20,1.06124,1.19253,88.37,511.1,1.19471,1.19341,"Had to break through ice for sample,Lab(metrohm) EC = 57.49 @4.4C",15:00:00
101,SFP_BJ,2025-01-30,14:10,-9999,98.8,7.77,-9999,"TSS, Nuts, DOC, Alk",-9999,25,1.09178,1.22851,87.62,1108.6,1.23037,1.23037,Lab(metrohm) EC = 103.0 @4.4C,14:10:00
102,Warm_Sp,2025-01-30,14:06,6.3,98.7,7.97,-9999,"TSS, Nuts, DOC, Alk",-9999,8,1.10623,1.23845,88.33,1168.1,1.24267,1.24186,Lab(metrohm) EC = 125.7 @6.4C,14:06:00
103,SFP_Chap,2025-01-30,13:37,1.8,91.2,7.95,-9999,"TSS, Nuts, DOC, Alk",-9999,46,1.10059,1.23101,87.83,920.0,1.23209,1.23167,Lab(metrohm) EC = 95.39 @5.1C,13:37:00
104,HP,2025-01-30,08:51,3.7,98.6,8.09,-9999,"TSS, Nuts, DOC, Alk",-9999,7,1.08219,1.21282,88.71,1103.5,1.21434,1.21434,Lab(metrohm) EC = 101.0 @7.5C,08:51:00
105,Avalanche_Cr,2025-01-30,09:08,0.6,124.3,7.75,-9999,"TSS, Nuts, DOC, Alk",-9999,22,1.11063,1.24091,88.43,644.8,1.24326,1.24241,Lab(metrohm) EC = 127.8 @5.9C,09:08:00
106,GO_Cr,-9999,0n:an,-9999,-9999,-9999,-9999,-9999,-9999,-9999,-9999,-9999,-9999,-9999,-9999,-9999,"Creek frozen over, couldn't get sample ",-9999
107,Fox_Cr,2025-01-30,12:50,0.9,88.0,7.73,-9999,"TSS, Nuts, DOC, Alk",-9999,50,1.08727,1.21984,88.32,1138.2,1.22171,1.22084,"Had to break through ice for sample,Lab(metrohm) EC = 174.7 @6.3C",12:50:00
108,SFP_Wolf_Cr,2025-01-30,13:05,0.6,96.4,7.74,-9999,"TSS, Nuts, DOC, Alk",-9999,14,1.07592,1.20942,88.49,1162.2,1.23606,1.23278,Lab(metrohm) EC = 94.81 @7.8C,13:05:00
109,Canyon_Cr_SFP,2025-01-30,10:27,0.3,68.3,8.1,-9999,"TSS, Nuts, DOC, Alk",-9999,60,1.09359,1.22525,88.48,1108.0,1.22912,1.22815,Lab(metrohm) EC = 113.6 @5.2C,10:27:00
110,SFP_Canyon_Cr,2025-01-30,10:35,0.3,48.2,8.14,-9999,"TSS, Nuts, DOC, Alk",-9999,9,1.06288,1.19365,87.46,1115.2,1.19501,1.19404,Lab(metrohm) EC = 88.88 @5.3C,10:35:00
111,Camp_Cr,2025-01-30,11:35,1.0,81.9,8.08,-9999,"TSS, Nuts, DOC, Alk",-9999,13,1.06383,1.19489,88.1,1093.6,1.19737,1.19661,Lab(metrohm) EC = 86.73 @5.2C,11:35:00
112,SH_Cr,2025-01-30,11:22,0.3,20.9,7.96,-9999,"TSS, Nuts, DOC, Alk",-9999,5,1.08864,1.21926,88.22,1124.9,1.23974,1.23806,"Had to break through ice for sample,Lab(metrohm) EC = 70.62 @7.4C",11:22:00
113,SFP_Alder_Cr,2025-02-15,08:50,0.6,102.7,7.91,-9999,"TSS, Nuts, DOC, Alk",-9999,5,1.08888,1.21926,87.43,1135.29,1.22298,1.22181,,08:50:00
114,SFP_DW,2025-02-15,13:00,0.3,99.3,7.9,-9999,"TSS, Nuts, DOC, Alk",-9999,25,1.09773,1.22826,88.41,1140.12,1.24042,1.23833,,13:00:00
115,BJ_Cr,2025-02-15,14:00,2.2,64.2,7.99,-9999,"TSS, Nuts, DOC, Alk",-9999,51,1.06219,1.19369,88.42,1092.78,1.19824,1.19601,Had to break through ice,14:00:00
116,SFP_BJ,2025-02-15,14:50,3.3,92.4,8.04,-9999,"TSS, Nuts, DOC, Alk",-9999,6,1.10355,1.23456,87.8,1112.77,1.24461,1.24045,,14:50:00
117,Warm_Sp,2025-02-15,15:40,8.4,120.6,7.94,-9999,"TSS, Nuts, DOC, Alk",-9999,50,1.08724,1.21766,88.71,1123.34,1.22059,1.21977,,15:40:00
118,SFP_Chap,2025-02-15,16:05,3.9,83.9,7.98,-9999,"TSS, Nuts, DOC, Alk",-9999,14,1.07609,1.20675,87.47,1089.64,1.2137,1.21233,,16:05:00
119,HP,-9999,0n:an,-9999,-9999,-9999,-9999,-9999,-9999,-9999,-9999,-9999,-9999,-9999,-9999,-9999,"Road Closed, could not sample",-9999
120,Avalanche_Cr,-9999,0n:an,-9999,-9999,-9999,-9999,-9999,-9999,-9999,-9999,-9999,-9999,-9999,-9999,-9999,"Road Closed, could not sample",-9999
121,GO_Cr,-9999,0n:an,-9999,-9999,-9999,-9999,-9999,-9999,-9999,-9999,-9999,-9999,-9999,-9999,-9999,"Road Closed, could not sample",-9999
122,Fox_Cr,2025-02-15,16:35,1.9,170.5,7.89,-9999,"TSS, Nuts, DOC, Alk",-9999,22,1.11074,1.24235,88.2,1121.89,1.24343,1.24254,,16:35:00
123,SFP_Wolf_Cr,2025-02-15,17:10,3.2,84.9,7.94,-9999,"TSS, Nuts, DOC, Alk",-9999,13,1.06451,1.19522,88.48,1145.03,1.20021,1.19857,,17:10:00
124,Canyon_Cr_SFP,2025-02-15,15:25,3.0,103.4,7.88,-9999,"TSS, Nuts, DOC, Alk",-9999,60,1.09383,1.22452,88.36,1135.65,1.23561,1.23328,,15:25:00
125,SFP_Canyon_Cr,2025-02-15,16:30,3.5,73.0,8.06,-9999,"TSS, Nuts, DOC, Alk",-9999,7,1.08241,1.21369,88.36,1141.91,1.2248,1.22148,,16:30:00
126,Camp_Cr,2025-02-15,14:35,2.7,82.4,7.88,-9999,"TSS, Nuts, DOC, Alk",-9999,4,1.10411,1.23431,88.51,1072.96,1.23677,1.23586,,14:35:00
127,SH_Cr,2025-02-15,14:20,1.5,67.9,-9999,-9999,"TSS, Nuts, DOC, Alk",-9999,46,1.10091,1.23171,88.11,737.44,1.25185,1.2506,"1L Bottle not all the way full, had to break throuhg ice",14:20:00
128,SFP_Wapiti,2025-02-15,12:45,3.2,71.9,7.98,-9999,"TSS, Nuts, DOC, Alk",-9999,9,1.0631,1.19565,88.36,1132.84,1.19638,1.19598,,12:45:00
129,SFP_Alder_Cr,2025-03-02,08:15,3.3,96.2,7.58,-9999,"TSS, Nuts, DOC, Alk",-9999,60,1.09389,1.22051,87.84,1126.01,1.22893,1.22688,,08:15:00
130,SFP_DW,2025-03-02,08:55,2.2,98.7,7.34,-9999,"TSS, Nuts, DOC, Alk",-9999,13,1.06467,1.19248,88.36,1138.82,1.20327,1.20161,,08:55:00
131,BJ_Cr,2025-03-02,10:15,1.8,55.1,7.35,-9999,"TSS, Nuts, DOC, Alk",-9999,25,1.09785,1.22371,88.38,1107.88,1.22524,1.22442,,10:15:00
132,SFP_BJ,2025-03-02,18:40,6.1,93.1,7.4,-9999,"TSS, Nuts, DOC, Alk",-9999,14,1.07619,1.20186,88.98,1150.6,1.20924,1.20818,,18:40:00
133,Warm_Sp,2025-03-02,18:30,9.1,114.3,7.51,-9999,"TSS, Nuts, DOC, Alk",-9999,22,1.11082,1.23651,88.4,1094.01,1.26331,1.26164,,18:30:00
134,SFP_Chap,-9999,0n:an,-9999,-9999,-9999,-9999,-9999,-9999,-9999,-9999,-9999,-9999,-9999,-9999,-9999,"dangerous conditions, could not sample ",-9999
135,HP,2025-03-02,11:00,2.7,96.0,7.2,-9999,"TSS, Nuts, DOC, Alk",-9999,7,1.08246,1.20842,88.52,1082.6,1.30633,1.30441,,11:00:00
136,Avalanche_Cr,2025-03-02,11:26,3.2,115.3,7.6,-9999,"TSS, Nuts, DOC, Alk",-9999,5,1.08899,1.21565,88.71,1142.03,1.27106,1.26811,,11:26:00
137,GO_Cr,2025-03-02,12:00,3.7,119.4,7.62,-9999,"TSS, Nuts, DOC, Alk",-9999,8,1.10647,1.23326,87.82,1137.83,1.24189,1.23959,,12:00:00
138,Fox_Cr,2025-03-02,17:20,4.2,135.0,7.49,-9999,"TSS, Nuts, DOC, Alk",-9999,6,1.10362,1.22975,88.44,1128.95,1.24023,1.23667,,17:20:00
139,SFP_Wolf_Cr,2025-03-02,17:30,5.2,90.7,7.48,-9999,"TSS, Nuts, DOC, Alk",-9999,4,1.10414,1.23144,88.36,1146.14,1.24064,1.23833,,17:30:00
140,Canyon_Cr_SFP,2025-03-02,16:00,4.6,106.9,7.39,-9999,"TSS, Nuts, DOC, Alk",-9999,9,1.06321,1.18977,88.49,1146.88,1.19927,1.19713,,16:00:00
141,SFP_Canyon_Cr,2025-03-02,16:20,5.1,75.4,7.63,-9999,"TSS, Nuts, DOC, Alk",-9999,20,1.06128,1.18713,88.32,1148.42,1.22394,1.22004,,16:20:00
142,Camp_Cr,2025-03-02,15:20,5.4,86.2,7.29,-9999,"TSS, Nuts, DOC, Alk",-9999,58,1.08295,1.21562,87.61,1147.96,1.53894,1.52569,,15:20:00
143,SH_Cr,2025-03-02,15:00,5.8,54.0,7.42,-9999,"TSS, Nuts, DOC, Alk",-9999,55,1.09429,1.22181,88.43,1140.23,1.43265,1.42028,,15:00:00
144,SFP_Alder_Cr,2025-03-19,08:10,3.9,90.1,7.66,-9999,"TSS, Nuts, DOC, Alk",-9999,60,1.09403,1.22094,88.35,1141.14,1.22874,1.22665,,08:10:00
145,SFP_DW,2025-03-19,08:41,1.8,99.9,7.65,-9999,"TSS, Nuts, DOC, Alk",-9999,13,1.06415,1.19247,88.52,1111.06,1.19563,1.19446,,08:41:00
146,BJ_Cr,2025-03-19,09:35,0.6,55.6,7.61,-9999,"TSS, Nuts, DOC, Alk",-9999,14,1.07624,1.20391,89.2,1065.29,1.20717,1.20549,,09:35:00
147,SFP_BJ,2025-03-19,10:15,1.1,93.6,7.62,-9999,"TSS, Nuts, DOC, Alk",-9999,25,1.09785,1.22314,87.44,1118.01,1.22588,1.22503,,10:15:00
148,Warm_Sp,2025-03-19,10:55,4.6,115.0,7.58,-9999,"TSS, Nuts, DOC, Alk",-9999,20,1.06415,1.18929,87.63,1101.42,1.19518,1.19413,,10:55:00
149,SFP_Chap,2025-03-19,11:25,1.1,87.2,7.57,-9999,"TSS, Nuts, DOC, Alk",-9999,9,1.06326,1.19051,87.48,1124.43,1.1977,1.19595,,11:25:00
150,Fox_Cr,2025-03-19,14:30,3.0,134.9,7.59,-9999,"TSS, Nuts, DOC, Alk",-9999,5,1.08901,1.21797,88.5,1105.05,1.21977,1.21875,,14:30:00
151,SFP_Wolf_Cr,2025-03-19,14:45,5.2,88.4,7.68,-9999,"TSS, Nuts, DOC, Alk",-9999,22,1.11103,1.23731,87.8,1134.36,1.24189,1.24065,,14:45:00
152,Canyon_Cr_SFP,2025-03-19,13:45,2.4,110.5,7.63,-9999,"TSS, Nuts, DOC, Alk",-9999,4,1.10429,1.23124,88.36,1140.98,1.24274,1.23768,,13:45:00
153,SFP_Canyon_Cr,2025-03-19,13:50,4.1,72.7,7.71,-9999,"TSS, Nuts, DOC, Alk",-9999,6,1.10376,1.22966,88.44,1119.97,1.23447,1.23343,,13:50:00
154,Camp_Cr,2025-03-19,13:10,2.8,79.5,7.58,-9999,"TSS, Nuts, DOC, Alk",-9999,8,1.10655,1.23277,88.7,1092.33,1.23857,1.23781,,13:10:00
155,SH_Cr,2025-03-19,12:55,0.6,60.2,7.69,-9999,"TSS, Nuts, DOC, Alk",-9999,58,1.08315,1.20921,88.23,1133.6,1.22533,1.22314,,12:55:00
156,SFP_Alder_Cr,2025-03-30,08:30,5.6,58.1,7.7,-9999,"TSS, Nuts, DOC, Alk",-9999,25,1.09782,1.22538,87.8,1140.05,1.24697,1.24309,,08:30:00
157,SFP_DW,2025-03-30,09:05,4.8,81.9,7.61,-9999,"TSS, Nuts, DOC, Alk",-9999,20,1.06159,1.18897,87.86,1129.93,1.21011,1.20605,,09:05:00
158,BJ_Cr,2025-03-30,10:05,3.1,53.8,7.29,-9999,"TSS, Nuts, DOC, Alk",-9999,60,1.09409,1.22086,88.7,1046.68,1.22345,1.22242,,10:05:00
159,SFP_BJ,2025-03-30,10:55,4.5,81.1,7.19,-9999,"TSS, Nuts, DOC, Alk",-9999,22,1.11092,1.23704,88.44,1122.86,1.26056,1.25819,,10:55:00
160,Warm_Sp,2025-03-30,11:30,7.0,103.5,7.57,-9999,"TSS, Nuts, DOC, Alk",-9999,50,1.08731,1.21494,88.33,1089.77,1.43392,1.43092,,11:30:00
161,SFP_Chap,2025-03-30,11:45,4.6,82.4,7.3,-9999,"TSS, Nuts, DOC, Alk",-9999,14,1.07632,1.20318,88.45,1143.75,1.21837,1.21578,,11:45:00
162,Fox_Cr,2025-03-30,15:45,5.3,103.2,7.49,-9999,"TSS, Nuts, DOC, Alk",-9999,46,1.10101,1.22627,87.44,1112.12,1.23878,1.23499,,15:45:00
163,SFP_Wolf_Cr,2025-03-30,16:05,7.5,82.4,7.67,-9999,"TSS, Nuts, DOC, Alk",-9999,51,1.06213,1.18783,87.63,1134.69,1.20102,1.19899,,16:05:00
164,Canyon_Cr_SFP,2025-03-30,14:50,5.9,110.2,7.32,-9999,"TSS, Nuts, DOC, Alk",-9999,58,1.08321,1.20998,88.23,1135.6,1.23161,1.22774,,14:50:00
165,SFP_Canyon_Cr,2025-03-30,15:00,7.3,69.1,7.72,-9999,"TSS, Nuts, DOC, Alk",-9999,8,1.10659,1.23238,88.55,1113.29,1.25168,1.25051,,15:00:00
166,Camp_Cr,2025-03-30,14:20,6.1,71.4,7.61,-9999,"TSS, Nuts, DOC, Alk",-9999,6,1.10384,1.23126,88.99,1020.61,1.23609,1.23547,,14:20:00
167,SH_Cr,2025-03-30,14:10,6.0,51.1,7.42,-9999,"TSS, Nuts, DOC, Alk",-9999,4,1.10439,1.23196,88.38,1109.36,1.25098,1.23938,,14:10:00
168,Nutcracker_Cr,2025-03-30,13:15,6.8,82.4,7.43,-9999,"TSS, Nuts, DOC, Alk",-9999,13,1.06423,1.19138,88.35,1054.18,1.20208,1.20025,"New Site, small debris flow occured inbetween 3/19 and 3/30",13:15:00
169,SFP_Alder_Cr,2025-04-15,16:05,8.5,59.0,7.69,-9999,"TSS, Nuts, DOC, Alk",-9999,60,1.09413,1.22029,87.63,1121.48,1.24459,1.24034,,16:05:00
170,SFP_DW,2025-04-15,15:30,8.5,69.0,7.63,-9999,"TSS, Nuts, DOC, Alk",-9999,50,1.08749,1.21478,88.52,1140.66,1.23038,1.22771,,15:30:00
171,BJ_Cr,2025-04-15,14:55,7.6,48.3,7.41,-9999,"TSS, Nuts, DOC, Alk",-9999,14,1.07632,1.20369,87.44,1016.08,1.20812,1.20594,,14:55:00
172,SFP_BJ,2025-04-15,14:40,9.4,75.9,7.66,-9999,"TSS, Nuts, DOC, Alk",-9999,18,1.1131,1.23828,88.99,1152.88,1.26024,1.25817,,14:40:00
173,Warm_Sp,2025-04-15,14:25,11.0,86.7,7.68,-9999,"TSS, Nuts, DOC, Alk",-9999,7,1.08255,1.20955,88.5,1102.97,1.27461,1.27259,,14:25:00
174,SFP_Chap,2025-04-15,14:15,8.5,75.6,7.54,-9999,"TSS, Nuts, DOC, Alk",-9999,19,1.07538,1.20229,88.45,1151.89,1.21678,1.21457,,14:15:00
175,Fox_Cr,2025-04-15,12:50,6.5,86.3,7.23,-9999,"TSS, Nuts, DOC, Alk",-9999,12,1.06582,1.19321,88.33,1161.69,1.21205,1.20693,,12:50:00
176,SFP_Wolf_Cr,2025-04-15,13:00,6.9,71.9,7.19,-9999,"TSS, Nuts, DOC, Alk",-9999,58,1.08336,1.20979,88.38,1123.55,1.23004,1.22603,pine needle,13:00:00
177,Canyon_Cr_SFP,2025-04-15,12:25,5.6,92.6,7.37,-9999,"TSS, Nuts, DOC, Alk",-9999,51,1.06215,1.18917,89.2,1159.66,1.21881,1.21461,,12:25:00
178,SFP_Canyon_Cr,2025-04-15,12:35,6.5,59.8,7.58,-9999,"TSS, Nuts, DOC, Alk",-9999,1,1.08497,1.21185,88.36,1151.81,1.23882,1.23741,,12:35:00
179,Camp_Cr,2025-04-15,10:50,5.4,57.8,7.6,-9999,"TSS, Nuts, DOC, Alk",-9999,20,1.0616,1.18801,87.8,1051.64,1.24008,1.23792,,10:50:00
180,SH_Cr,2025-04-15,10:55,4.6,43.5,7.79,-9999,"TSS, Nuts, DOC, Alk",-9999,6,1.1039,1.23156,87.48,1133.55,1.38447,1.37621,,10:55:00
181,Nutcracker_Cr,2025-04-15,12:15,9.9,100.5,7.62,-9999,"TSS, Nuts, DOC, Alk",-9999,4,1.1043,1.23019,88.23,1103.09,1.23278,1.23224,,12:15:00
182,HP,2025-04-15,13:30,5.1,90.8,7.32,-9999,"TSS, Nuts, DOC, Alk",-9999,22,1.11092,1.23741,87.86,1122.84,1.26152,1.25643,,13:30:00
183,Avalanche_Cr,2025-04-15,13:45,5.8,74.8,7.55,-9999,"TSS, Nuts, DOC, Alk",-9999,25,1.09805,1.22438,88.55,1152.61,1.43208,1.3342,,13:45:00
184,GO_Cr,2025-04-15,14:00,5.4,81.0,7.45,-9999,"TSS, Nuts, DOC, Alk",-9999,13,1.06438,1.19094,88.35,1134.45,1.22039,1.21249,,14:00:00
185,SFP_Wapiti,2025-04-15,09:55,4.7,73.2,7.62,-9999,"TSS, Nuts, DOC, Alk",-9999,8,1.10662,1.23314,88.44,1022.68,1.23553,1.23472,,09:55:00
186,Wapiti_Cr,2025-04-15,10:20,3.1,62.3,7.7,-9999,"TSS, Nuts, DOC, Alk",-9999,9,1.06343,1.18968,88.7,1145.44,1.19419,1.19271,,10:20:00
187,SFP_Alder_Cr,2025-04-28,09:00,6.9,52.9,7.96,-9999,"TSS, Nuts, DOC, Alk",-9999,46,1.10124,1.23313,89.61,1124.44,1.30538,1.29695,,09:00:00
188,SFP_DW,2025-04-28,09:30,6.0,58.9,7.93,-9999,"TSS, Nuts, DOC, Alk",-9999,17,1.09152,1.22256,87.87,1124.32,1.28359,1.27662,,09:30:00
189,BJ_Cr,2025-04-28,10:05,5.5,44.7,7.9,-9999,"TSS, Nuts, DOC, Alk",-9999,60,1.09423,1.22711,88.34,1112.23,1.23377,1.23103,,10:05:00
190,SFP_BJ,2025-04-28,10:20,5.7,63.9,7.83,-9999,"TSS, Nuts, DOC, Alk",-9999,55,1.09453,1.22665,88.72,1142.14,1.27748,1.27417,,10:20:00
191,Warm_Sp,2025-04-28,10:30,6.2,71.6,7.81,-9999,"TSS, Nuts, DOC, Alk",-9999,6,1.0419,1.23573,88.23,1131.04,1.37904,1.37575,,10:30:00
192,SFP_Chap,2025-04-28,10:40,6.2,61.5,7.83,-9999,"TSS, Nuts, DOC, Alk",-9999,58,1.08333,1.21148,87.83,1138.43,1.25432,1.25067,,10:40:00
193,Fox_Cr,2025-04-28,13:40,8.4,74.2,7.79,-9999,"TSS, Nuts, DOC, Alk",-9999,20,1.06186,1.19313,88.56,1142.09,1.20863,1.20434,,13:40:00
194,SFP_Wolf_Cr,2025-04-28,13:50,8.2,57.5,7.87,-9999,"TSS, Nuts, DOC, Alk",-9999,9,1.06344,1.19517,87.47,1136.03,1.24947,1.24621,,13:50:00
195,Canyon_Cr_SFP,2025-04-28,13:20,7.7,70.9,7.81,-9999,"TSS, Nuts, DOC, Alk",-9999,12,1.06605,1.19278,88.36,1114.68,1.23775,1.2333,,13:20:00
196,SFP_Canyon_Cr,2025-04-28,13:30,7.7,45.2,7.91,-9999,"TSS, Nuts, DOC, Alk",-9999,3,1.10635,1.23833,88.44,1133.73,1.25607,1.25442,,13:30:00
197,Camp_Cr,2025-04-28,13:00,8.2,51.2,7.89,-9999,"TSS, Nuts, DOC, Alk",-9999,50,1.08759,1.21932,88.53,1121.14,1.23404,1.23288,,13:00:00
198,SH_Cr,2025-04-28,12:50,8.5,40.5,7.85,-9999,"TSS, Nuts, DOC, Alk",-9999,51,1.06224,1.19431,87.45,1142.47,1.57037,1.55268,,12:50:00
199,Nutcracker_Cr,2025-04-28,13:10,13.0,103.8,7.88,-9999,"TSS, Nuts, DOC, Alk",-9999,7,1.08265,1.21078,89.0,1093.28,1.21468,1.21361,,13:10:00
200,HP,2025-04-28,11:00,4.7,73.7,7.8,-9999,"TSS, Nuts, DOC, Alk",-9999,13,1.06437,1.19664,88.51,1147.04,1.22149,1.21752,,11:00:00
201,Avalanche_Cr,2025-04-28,11:25,5.7,64.2,7.77,-9999,"TSS, Nuts, DOC, Alk",-9999,8,1.10662,1.23833,88.46,1143.78,1.76401,1.74821,relatively large sandy grains ,11:25:00
202,GO_Cr,2025-04-28,11:35,5.9,68.3,7.78,-9999,"TSS, Nuts, DOC, Alk",-9999,15,1.08501,1.21681,88.48,1084.39,1.25479,1.24834,,11:35:00
203,SFP_Wapiti,2025-04-28,12:40,7.2,54.9,7.89,-9999,"TSS, Nuts, DOC, Alk",-9999,19,1.07563,1.20614,88.39,1150.8,1.21133,1.21038,,12:40:00
204,Wapiti_Cr,2025-04-28,12:20,5.4,58.8,7.84,-9999,"TSS, Nuts, DOC, Alk",-9999,11,1.08554,1.21706,87.63,1101.13,1.22485,1.22263,,12:20:00
205,SFP_Alder_Cr,2025-05-10,15:45,10.4,41.7,7.21,-9999,"TSS, Nuts, DOC, Alk",-9999,6,1.10429,1.23715,88.54,1150.84,1.33699,1.32745,,15:45:00
206,SFP_DW,2025-05-10,15:15,9.7,44.8,7.32,-9999,"TSS, Nuts, DOC, Alk",-9999,22,1.11105,1.24201,87.45,1140.98,1.33674,1.32903,,15:15:00
207,BJ_Cr,2025-05-10,14:40,10.9,42.8,7.04,-9999,"TSS, Nuts, DOC, Alk",-9999,60,1.09419,1.22554,88.38,1141.69,1.24912,1.24645,,14:40:00
208,SFP_BJ,2025-05-10,14:30,10.4,45.6,7.18,-9999,"TSS, Nuts, DOC, Alk",-9999,7,1.08271,1.21348,87.65,1157.67,1.35082,1.34374,,14:30:00
209,Warm_Sp,2025-05-10,14:20,9.5,52.8,7.13,-9999,"TSS, Nuts, DOC, Alk",-9999,15,1.08478,1.21667,88.4,1162.06,1.5777,1.56572,,14:20:00
210,SFP_Chap,2025-05-10,14:10,10.9,44.8,7.33,-9999,"TSS, Nuts, DOC, Alk",-9999,58,1.10631,1.23682,88.44,1149.29,1.27844,1.25749,tss sample had small twig ,14:10:00
211,Fox_Cr,2025-05-10,12:50,11.2,85.3,7.11,-9999,"TSS, Nuts, DOC, Alk",-9999,50,1.08761,1.21878,88.57,1150.82,1.23162,1.22601,,12:50:00
212,SFP_Wolf_Cr,2025-05-10,13:00,8.4,42.7,7.24,-9999,"TSS, Nuts, DOC, Alk",-9999,20,1.06182,1.19346,88.49,1148.18,1.25481,1.24748,,13:00:00
213,Canyon_Cr_SFP,2025-05-10,12:30,7.8,59.4,6.92,-9999,"TSS, Nuts, DOC, Alk",-9999,3,1.08322,1.21485,87.88,1139.71,1.34684,1.32987,,12:30:00
214,SFP_Canyon_Cr,2025-05-10,12:35,7.8,35.9,7.12,-9999,"TSS, Nuts, DOC, Alk",-9999,13,1.06432,1.19784,88.5,1137.44,1.25111,1.24572,,12:35:00
215,Camp_Cr,2025-05-10,12:20,11.3,52.3,7.12,-9999,"TSS, Nuts, DOC, Alk",-9999,17,1.09147,1.22239,88.35,1136.59,1.31439,1.30763,,12:20:00
216,SH_Cr,2025-05-10,12:15,11.2,35.5,7.29,-9999,"TSS, Nuts, DOC, Alk",-9999,9,1.06334,1.19487,88.72,1162.66,2.18516,2.16329,tss had gravel sized rock ,12:15:00
217,HP,2025-05-10,13:30,7.2,55.4,7.03,-9999,"TSS, Nuts, DOC, Alk",-9999,25,1.09812,1.22966,87.49,1147.26,1.29725,1.28673,,13:30:00
218,Avalanche_Cr,2025-05-10,13:45,7.8,51.6,7.06,-9999,"TSS, Nuts, DOC, Alk",-9999,55,1.09147,1.22702,89.0,1130.46,1.60014,1.56489,,13:45:00
219,GO_Cr,2025-05-10,13:55,8.8,45.6,7.17,-9999,"TSS, Nuts, DOC, Alk",-9999,"19,46",2.17692,2.44051,88.39,1140.98,2.77911,2.70147,"Two filters used due to high volume of sediment, see equations for individual tin and filter weights ",13:55:00
220,SFP_Wapiti,2025-05-10,11:50,8.0,34.9,7.07,-9999,"TSS, Nuts, DOC, Alk",-9999,12,1.06595,1.19851,88.46,1148.39,1.23501,1.23088,,11:50:00
221,Wapiti_Cr,2025-05-10,10:05,5.7,56.8,7.13,-9999,"TSS, Nuts, DOC, Alk",-9999,8,1.10724,1.24071,89.64,1149.96,1.26535,1.25607,,10:05:00
222,Flat_Cr,2025-05-10,11:30,7.9,36.8,7.26,-9999,"TSS, Nuts, DOC, Alk",-9999,14,1.07632,1.20734,87.83,1145.42,1.46248,1.39162,"New Site, evidence of disturbance near creek and potentially new culvert added?, tin and filter dropped while pulling out of oven sediment lost ",11:30:00
223,Bear_Cr,2025-05-10,12:00,8.8,49.9,7.15,-9999,"TSS, Nuts, DOC, Alk",-9999,"11,51",2.14767,2.41332,88.24,1150.55,3.30473,3.27641,"Very murky dark flows, very likely debris flow higher up in catchment, needed to use two filters for tss sample, tin 51 had twig  ",12:00:00
224,SFP_Alder_Cr,2025-05-27,18:05,11.8,18.6,7.52,-9999,"TSS, Nuts, DOC, Alk",-9999,8,1.10701,1.23464,44.6,657.59,1.25933,1.25753,tss sample collected in gatorade bottle becuase of lost 1L bottle cap,18:05:00
225,SFP_DW,2025-05-27,17:30,11.8,24.8,7.5,-9999,"TSS, Nuts, DOC, Alk",-9999,12,1.06626,1.19711,88.74,1125.86,1.24288,1.23997,,17:30:00
226,BJ_Cr,2025-05-27,15:45,10.7,33.3,7.28,-9999,"TSS, Nuts, DOC, Alk",-9999,17,1.09184,1.22445,88.24,1125.74,1.22968,1.22819,,15:45:00
227,SFP_BJ,2025-05-27,16:00,11.5,31.3,7.39,-9999,"TSS, Nuts, DOC, Alk",-9999,1,1.08499,1.21597,87.89,1111.25,1.31336,1.3105,,16:00:00
228,Warm_Sp,2025-05-27,15:30,12.0,40.6,7.25,-9999,"TSS, Nuts, DOC, Alk",-9999,55,1.09473,1.22604,88.36,1112.69,1.31552,1.31479,,15:30:00
229,SFP_Chap,2025-05-27,15:10,10.9,23.7,7.37,-9999,"TSS, Nuts, DOC, Alk",-9999,11,1.08587,1.21625,88.43,1114.39,1.25804,1.25597,,15:10:00
230,Fox_Cr,2025-05-27,14:40,13.3,109.8,7.24,-9999,"TSS, Nuts, DOC, Alk",-9999,3,1.10658,1.23748,88.74,1116.93,1.24144,1.24035,,14:40:00
231,SFP_Wolf_Cr,2025-05-27,14:55,10.6,30.1,7.44,-9999,"TSS, Nuts, DOC, Alk",-9999,9,1.06438,1.19591,88.47,1134.29,1.23299,1.23082,,14:55:00
232,Canyon_Cr_SFP,2025-05-27,14:10,10.1,48.9,7.04,-9999,"TSS, Nuts, DOC, Alk",-9999,32,1.07899,1.21092,87.47,1118.96,1.31931,1.31456,,14:10:00
233,SFP_Canyon_Cr,2025-05-27,14:20,10.0,24.4,7.25,-9999,"TSS, Nuts, DOC, Alk",-9999,18,1.11147,1.24295,87.84,1123.47,1.26972,1.26789,,14:20:00
234,Camp_Cr,2025-05-27,13:50,12.8,46.4,7.2,-9999,"TSS, Nuts, DOC, Alk",-9999,14,1.07629,1.20979,88.55,1101.16,1.21441,1.21391,,13:50:00
235,SH_Cr,2025-05-27,11:20,10.0,37.9,7.38,-9999,"TSS, Nuts, DOC, Alk",-9999,6,1.10418,1.23593,88.67,1115.32,1.23861,1.2383,,11:20:00
236,HP,2025-05-27,10:00,5.7,47.2,7.33,-9999,"TSS, Nuts, DOC, Alk",-9999,46,1.10127,1.23357,87.49,1092.76,1.24801,1.24594,,10:00:00
237,Avalanche_Cr,2025-05-27,10:20,6.3,53.1,7.26,-9999,"TSS, Nuts, DOC, Alk",-9999,4,1.10445,1.23638,89.01,1075.05,1.26565,1.26253,,10:20:00
238,GO_Cr,2025-05-27,10:40,9.0,47.6,7.4,-9999,"TSS, Nuts, DOC, Alk",-9999,25,1.09838,1.23027,87.65,1114.95,1.24574,1.24239,,10:40:00
239,SFP_Wapiti,2025-05-27,13:20,9.3,11.2,7.59,-9999,"TSS, Nuts, DOC, Alk",-9999,35,1.10181,1.23364,88.38,1089.84,1.24797,1.2468,,13:20:00
240,Wapiti_Cr,2025-05-27,12:50,7.8,49.5,7.37,-9999,"TSS, Nuts, DOC, Alk",-9999,15,1.08535,1.21751,88.51,1131.93,1.23264,1.22865,,12:50:00
241,Flat_Cr,2025-05-27,11:55,10.8,37.6,7.35,-9999,"TSS, Nuts, DOC, Alk",-9999,50,1.08773,1.21961,88.4,1079.38,1.27446,1.26386,,11:55:00
242,Bear_Cr,2025-05-27,13:30,11.4,40.8,7.19,-9999,"TSS, Nuts, DOC, Alk",-9999,22,1.11116,1.24172,88.45,1074.04,1.36588,1.36237,"Lid lost during sampling, lid from bottle 19 used on bottle 3",13:30:00
243,SFP_Alder_Cr,2025-06-08,13:55,14.3,14.7,7.73,-9999,"TSS, Nuts, DOC, Alk",-9999,25,1.09836,1.22576,88.39,1127.21,1.25754,1.25497,,13:55:00
244,SFP_DW,2025-06-08,13:20,12.7,29.4,7.51,-9999,"TSS, Nuts, DOC, Alk",-9999,3,1.10665,1.23319,89.0,1145.5,1.25015,1.24864,,13:20:00
245,BJ_Cr,2025-06-08,12:45,10.4,26.8,7.66,-9999,"TSS, Nuts, DOC, Alk",-9999,22,1.11138,1.23955,88.54,1122.57,1.24461,1.24183,,12:45:00
246,SFP_BJ,2025-06-08,12:35,11.4,25.3,7.62,-9999,"TSS, Nuts, DOC, Alk",-9999,1,1.08511,1.21321,88.19,1124.24,1.22617,1.22471,,12:35:00
247,Warm_Sp,2025-06-08,12:20,11.7,7.8,7.62,-9999,"TSS, Nuts, DOC, Alk",-9999,46,1.10142,1.22823,87.69,1140.38,1.2356,1.23275,,12:20:00
248,SFP_Chap,2025-06-08,12:10,10.4,11.1,7.72,-9999,"TSS, Nuts, DOC, Alk",-9999,11,1.08587,1.21298,88.36,1140.05,1.22463,1.22338,,12:10:00
249,Fox_Cr,2025-06-08,10:55,11.2,81.9,7.45,-9999,"TSS, Nuts, DOC, Alk",-9999,4,1.10467,1.23251,88.5,1156.6,1.23621,1.23426,,10:55:00
250,SFP_Wolf_Cr,2025-06-08,11:05,9.4,17.1,7.52,-9999,"TSS, Nuts, DOC, Alk",-9999,18,1.11139,1.23829,88.33,1058.05,1.24964,1.24793,,11:05:00
251,Canyon_Cr_SFP,2025-06-08,10:40,9.0,31.8,7.43,-9999,"TSS, Nuts, DOC, Alk",-9999,6,1.10423,1.23137,88.72,1148.24,1.23923,1.23747,,10:40:00
252,SFP_Canyon_Cr,2025-06-08,10:50,8.8,9.1,7.56,-9999,"TSS, Nuts, DOC, Alk",-9999,9,1.06406,1.19121,88.21,1146.64,1.20562,1.20363,,10:50:00
253,Camp_Cr,2025-06-08,09:55,9.6,22.8,7.53,-9999,"TSS, Nuts, DOC, Alk",-9999,15,1.08532,1.21226,88.41,1136.4,1.21471,1.21369,,09:55:00
254,SH_Cr,2025-06-08,09:50,10.2,12.3,7.72,-9999,"TSS, Nuts, DOC, Alk",-9999,7,1.08291,1.21023,89.59,1058.81,1.21349,1.21217,,09:50:00
255,HP,2025-06-08,11:30,9.6,36.8,7.64,-9999,"TSS, Nuts, DOC, Alk",-9999,14,1.07668,1.20401,87.45,1058.47,1.20674,1.20547,,11:30:00
256,Avalanche_Cr,2025-06-08,11:40,10.4,47.8,7.4,-9999,"TSS, Nuts, DOC, Alk",-9999,8,1.10694,1.23303,88.5,1164.14,1.23886,1.23728,,11:40:00
257,GO_Cr,2025-06-08,11:55,12.4,48.2,7.56,-9999,"TSS, Nuts, DOC, Alk",-9999,17,1.09193,1.21785,87.59,1145.26,1.22247,1.22084,,11:55:00
258,SFP_Wapiti,2025-06-08,09:30,8.7,7.6,7.56,-9999,"TSS, Nuts, DOC, Alk",-9999,35,1.10216,1.22946,87.89,1123.58,1.23689,1.21576,,09:30:00
259,Wapiti_Cr,2025-06-08,08:50,6.4,10.8,7.35,-9999,"TSS, Nuts, DOC, Alk",-9999,50,1.08794,1.21544,88.59,1149.98,1.22131,1.21936,,08:50:00
260,Flat_Cr,2025-06-08,09:00,9.8,82.7,7.54,-9999,"TSS, Nuts, DOC, Alk",-9999,55,1.09477,1.22109,88.44,1155.38,1.22435,1.22288,,09:00:00
261,Bear_Cr,2025-06-08,09:40,9.5,8.2,7.31,-9999,"TSS, Nuts, DOC, Alk",-9999,32,1.07951,1.20683,87.84,1134.04,1.22348,1.22207,,09:40:00
262,SFP_Alder_Cr,2025-06-22,14:40,14.9,57.8,7.55,-9999,"TSS, Nuts, DOC, Alk",-9999,31,1.09428,1.22096,88.4,1146.14,1.23168,1.22989,Rained/snowed late 6/21 through 13:30 on 6/22,14:40:00
263,SFP_DW,2025-06-22,13:40,12.2,58.4,7.2,-9999,"TSS, Nuts, DOC, Alk",-9999,9,1.06421,1.19139,88.55,1152.43,1.19579,1.19472,Rained/snowed late 6/21 through 13:30 on 6/22,13:40:00
264,BJ_Cr,2025-06-22,13:10,8.1,47.5,7.3,-9999,"TSS, Nuts, DOC, Alk",-9999,6,1.10433,1.23068,88.2,1116.12,1.23323,1.23172,Rained/snowed late 6/21 through 13:30 on 6/22,13:10:00
265,SFP_BJ,2025-06-22,12:55,9.0,54.1,7.13,-9999,"TSS, Nuts, DOC, Alk",-9999,8,1.10703,1.23373,87.64,1135.51,1.23691,1.23604,Rained/snowed late 6/21 through 13:30 on 6/22,12:55:00
266,Warm_Sp,2025-06-22,12:40,10.4,80.1,7.35,-9999,"TSS, Nuts, DOC, Alk",-9999,17,1.09208,1.21857,88.38,1142.61,1.21999,1.21943,Rained/snowed late 6/21 through 13:30 on 6/22,12:40:00
267,SFP_Chap,2025-06-22,12:30,9.0,47.3,7.3,-9999,"TSS, Nuts, DOC, Alk",-9999,4,1.10765,1.23207,87.47,1113.61,1.23682,1.23547,Rained/snowed late 6/21 through 13:30 on 6/22,12:30:00
268,Fox_Cr,2025-06-22,10:25,8.7,152.0,7.23,-9999,"TSS, Nuts, DOC, Alk",-9999,3,1.10667,1.23361,88.45,1131.32,1.23537,1.23426,Rained/snowed late 6/21 through 13:30 on 6/22,10:25:00
269,SFP_Wolf_Cr,2025-06-22,10:35,7.4,44.8,7.46,-9999,"TSS, Nuts, DOC, Alk",-9999,14,1.07664,1.26318,88.58,1142.44,1.20704,1.206011,Rained/snowed late 6/21 through 13:30 on 6/22,10:35:00
270,Canyon_Cr_SFP,2025-06-22,10:05,6.2,77.6,7.29,-9999,"TSS, Nuts, DOC, Alk",-9999,18,1.11164,1.23889,88.37,1148.08,1.24415,1.24346,Rained/snowed late 6/21 through 13:30 on 6/22,10:05:00
271,SFP_Canyon_Cr,2025-06-22,10:10,6.9,36.4,7.48,-9999,"TSS, Nuts, DOC, Alk",-9999,7,1.08294,1.21068,87.87,1141.47,1.21315,1.21239,Rained/snowed late 6/21 through 13:30 on 6/22,10:10:00
272,Camp_Cr,2025-06-22,09:50,6.1,57.8,7.37,-9999,"TSS, Nuts, DOC, Alk",-9999,25,1.09857,1.22493,88.52,1138.34,1.23775,1.23542,Rained/snowed late 6/21 through 13:30 on 6/22,09:50:00
273,SH_Cr,2025-06-22,09:40,5.9,49.1,7.55,-9999,"TSS, Nuts, DOC, Alk",-9999,11,1.08601,1.21373,88.24,1151.27,1.26332,1.25945,Rained/snowed late 6/21 through 13:30 on 6/22,09:40:00
274,HP,2025-06-22,11:30,6.1,70.6,7.26,-9999,"TSS, Nuts, DOC, Alk",-9999,13,1.06451,1.19078,88.51,1152.22,1.19254,1.19183,Rained/snowed late 6/21 through 13:30 on 6/22,11:30:00
275,Avalanche_Cr,2025-06-22,11:45,7.2,92.0,7.12,-9999,"TSS, Nuts, DOC, Alk",-9999,19,1.0757,1.20167,89.01,1147.82,1.20332,1.20274,Rained/snowed late 6/21 through 13:30 on 6/22,11:45:00
276,GO_Cr,2025-06-22,11:15,7.7,99.1,7.31,-9999,"TSS, Nuts, DOC, Alk",-9999,1,1.08511,1.21104,87.51,1104.42,1.21275,1.21167,Rained/snowed late 6/21 through 13:30 on 6/22,11:15:00
277,SFP_Wapiti,2025-06-22,09:20,6.8,36.2,7.51,-9999,"TSS, Nuts, DOC, Alk",-9999,10,1.08256,1.20896,88.73,1155.35,1.21142,1.21049,Rained/snowed late 6/21 through 13:30 on 6/22,09:20:00
278,Wapiti_Cr,2025-06-22,08:50,5.1,73.7,7.43,-9999,"TSS, Nuts, DOC, Alk",-9999,15,1.08527,1.2123,87.95,1153.59,1.21647,1.21513,Rained/snowed late 6/21 through 13:30 on 6/22,08:50:00
279,Flat_Cr,2025-06-22,08:35,5.6,53.2,7.45,-9999,"TSS, Nuts, DOC, Alk",-9999,22,1.11141,1.23853,89.61,1126.14,1.233997,1.23914,Rained/snowed late 6/21 through 13:30 on 6/22,08:35:00
280,Bear_Cr,2025-06-22,09:25,5.9,66.2,7.36,-9999,"TSS, Nuts, DOC, Alk",-9999,12,1.06623,1.19338,88.46,1128.62,1.19844,1.19726,Rained/snowed late 6/21 through 13:30 on 6/22,09:25:00
281,SFP_Alder_Cr,2025-07-07,16:15,17.6,110.8,7.93,54.03,"TSS, Nuts, DOC, Alk",-9999,13,1.06448,1.19237,87.89,1156.1,1.21994,1.21607,Large rainstorm 7/4,16:15:00
282,SFP_DW,2025-07-07,15:45,17.5,117.7,7.5,52.63,"TSS, Nuts, DOC, Alk",-9999,19,1.07578,1.20219,88.38,1155.1,1.21849,1.21532,Large rainstorm 7/4,15:45:00
283,BJ_Cr,2025-07-07,14:50,11.4,78.9,6.94,35.38,"TSS, Nuts, DOC, Alk",-9999,7,1.08282,1.20964,88.57,1152.0,1.21334,1.21156,Large rainstorm 7/4,14:50:00
284,SFP_BJ,2025-07-07,14:30,16.0,106.7,7.75,49.15,"TSS, Nuts, DOC, Alk",-9999,46,1.10144,1.22874,88.4,1159.7,1.25283,1.24925,Large rainstorm 7/4,14:30:00
285,Warm_Sp,2025-07-07,14:15,16.9,153.6,7.35,70.49,"TSS, Nuts, DOC, Alk",-9999,11,1.08594,1.21253,87.65,1155.7,1.21803,1.21697,Large rainstorm 7/4,14:15:00
286,SFP_Chap,2025-07-07,13:10,14.8,94.3,7.55,43.29,"TSS, Nuts, DOC, Alk",-9999,50,1.08788,1.21594,87.5,1151.8,1.24049,1.23768,Large rainstorm 7/4,13:10:00
287,Chapman_Cr,2025-07-07,13:30,14.8,156.2,6.86,64.74,"TSS, Nuts, DOC, Alk",-9999,"18,22,3,14,12",5.47251,6.10803,88.21,1063.1,9.13658,8.99315,"Large rainstorm 7/4, Debris flow occurred and dumped into SFP, 5 GFF filters used for TSS sample very high quantity of fine grained sediment transport",13:30:00
288,Fox_Cr,2025-07-07,12:35,15.3,199.0,7.46,152.6,"TSS, Nuts, DOC, Alk",-9999,4,1.10483,1.23205,88.44,1128.8,1.27762,1.26813,Large rainstorm 7/4,12:35:00
289,SFP_Wolf_Cr,2025-07-07,12:45,14.2,96.1,7.53,43.27,"TSS, Nuts, DOC, Alk",-9999,17,1.09196,1.21837,88.58,1136.7,1.23367,1.23129,Large rainstorm 7/4,12:45:00
290,Canyon_Cr_SFP,2025-07-07,12:15,12.0,149.3,7.42,66.99,"TSS, Nuts, DOC, Alk",-9999,35,1.10221,1.22772,89.01,1109.7,1.25826,1.25398,Large rainstorm 7/4,12:15:00
291,SFP_Canyon_Cr,2025-07-07,12:20,13.6,78.3,7.58,35.87,"TSS, Nuts, DOC, Alk",-9999,59,1.09239,1.21851,87.45,1129.9,1.22646,1.22531,Large rainstorm 7/4,12:20:00
292,Camp_Cr,2025-07-07,12:00,13.3,107.6,7.74,46.44,"TSS, Nuts, DOC, Alk",-9999,9,1.06408,1.19144,88.36,1116.8,1.36117,1.35628,Large rainstorm 7/4,12:00:00
293,SH_Cr,2025-07-07,11:55,15.1,96.4,7.63,44.88,"TSS, Nuts, DOC, Alk",-9999,1,1.08515,1.21112,88.5,1126.0,1.57721,1.56832,Large rainstorm 7/4,11:55:00
294,HP,2025-07-07,09:45,9.4,130.7,7.8,60.29,"TSS, Nuts, DOC, Alk",-9999,25,1.09861,1.2247,89.61,1111.4,1.23748,1.23513,Large rainstorm 7/4,09:45:00
295,Avalanche_Cr,2025-07-07,09:55,10.3,183.6,7.85,84.2,"TSS, Nuts, DOC, Alk",-9999,51,1.06259,1.19076,87.84,1101.7,1.22199,1.21754,Large rainstorm 7/4,09:55:00
296,GO_Cr,2025-07-07,10:05,10.3,116.0,7.64,93.21,"TSS, Nuts, DOC, Alk",-9999,8,1.10708,1.23389,88.74,1107.5,1.32969,1.31897,Large rainstorm 7/4,10:05:00
297,SFP_Wapiti,2025-07-07,11:35,13.2,73.0,7.86,34.57,"TSS, Nuts, DOC, Alk",-9999,31,1.09438,1.22157,88.45,1123.0,1.22559,1.22385,Large rainstorm 7/4,11:35:00
298,Wapiti_Cr,2025-07-07,11:15,8.6,130.5,7.79,61.19,"TSS, Nuts, DOC, Alk",-9999,15,1.08534,1.21122,88.25,1020.3,1.21546,1.21391,Large rainstorm 7/4,11:15:00
299,Bear_Cr,2025-07-07,11:45,14.1,129.9,7.72,60.13,"TSS, Nuts, DOC, Alk",-9999,6,1.10428,1.23115,88.52,1058.8,1.24066,1.23929,Large rainstorm 7/4,11:45:00
300,SFP_Alder_Cr,2025-07-21,15:05,14.24,62.0,7.83,-9999,"TSS, Nuts, DOC, Alk",4.0,5,1.08908,1.21634,87.65,1132.09,1.22811,1.22575,used old YSI probe for temp and us,15:05:00
301,SFP_DW,2025-07-21,14:25,16.45,79.0,7.89,-9999,"TSS, Nuts, DOC, Alk",12.0,2,1.09774,1.22551,87.9,1152.45,1.22902,1.22756,used old YSI probe for temp and us,14:25:00
302,BJ_Cr,2025-07-21,13:50,9.7,46.0,7.95,-9999,"TSS, Nuts, DOC, Alk",8.0,33,1.10739,1.23581,88.79,1106.94,1.23861,1.23698,used old YSI probe for temp and us,13:50:00
303,SFP_BJ,2025-07-21,13:25,14.33,74.0,7.44,-9999,"TSS, Nuts, DOC, Alk",7.0,23,1.10267,1.23013,89.01,1143.23,1.23394,1.23301,used old YSI probe for temp and us,13:25:00
304,Warm_Sp,2025-07-21,13:25,15.03,97.0,7.79,-9999,"TSS, Nuts, DOC, Alk",13.0,9,1.06387,1.19159,88.36,1146.78,1.19519,1.19424,used old YSI probe for temp and us,13:25:00
305,SFP_Chap,2025-07-21,12:50,13.75,67.0,7.41,-9999,"TSS, Nuts, DOC, Alk",9.0,12,1.06649,1.19515,87.5,1142.76,1.19861,1.19758,used old YSI probe for temp and us,12:50:00
306,Chapman_Cr,2025-07-21,13:00,13.75,97.0,7.47,-9999,"TSS, Nuts, DOC, Alk",11.0,51,1.06251,1.18985,88.47,1026.57,1.21803,1.21578,used old YSI probe for temp and us,13:00:00
307,Fox_Cr,2025-07-21,11:25,12.58,191.0,7.79,-9999,"TSS, Nuts, DOC, Alk",1.0,1,1.08526,1.21293,88.4,1131.35,1.21856,1.21693,used old YSI probe for temp and us,11:25:00
308,SFP_Wolf_Cr,2025-07-21,11:35,12.36,68.0,7.53,-9999,"TSS, Nuts, DOC, Alk",16.0,25,1.0985,1.22471,88.48,1098.77,1.22818,1.22685,used old YSI probe for temp and us,11:35:00
309,Canyon_Cr_SFP,2025-07-21,10:45,9.53,92.0,7.73,-9999,"TSS, Nuts, DOC, Alk",3.0,20,1.06182,1.18911,89.0,1134.53,1.19946,1.19775,used old YSI probe for temp and us,10:45:00
310,SFP_Canyon_Cr,2025-07-21,11:00,12.01,56.0,8.02,-9999,"TSS, Nuts, DOC, Alk",2.0,34,1.06505,1.19284,89.38,1145.99,1.19494,1.19405,used old YSI probe for temp and us,11:00:00
311,Camp_Cr,2025-07-21,10:20,10.32,65.0,7.93,-9999,"TSS, Nuts, DOC, Alk",14.0,4,1.10493,1.23106,88.52,1130.43,1.23823,1.23706,used old YSI probe for temp and us,10:20:00
312,SH_Cr,2025-07-21,10:15,11.28,57.0,7.63,-9999,"TSS, Nuts, DOC, Alk",19.0,50,1.08789,1.21641,89.62,1093.83,1.23924,1.23677,used old YSI probe for temp and us,10:15:00
313,HP,2025-07-21,12:05,9.62,80.0,7.9,-9999,"TSS, Nuts, DOC, Alk",5.0,6,1.10436,1.23295,89.04,1122.45,1.23758,1.23627,used old YSI probe for temp and us,12:05:00
314,Avalanche_Cr,2025-07-21,12:20,12.25,112.0,7.81,-9999,"TSS, Nuts, DOC, Alk",6.0,19,1.07586,1.20409,87.47,1117.18,1.21155,1.20988,used old YSI probe for temp and us,12:20:00
315,GO_Cr,2025-07-21,12:30,15.01,127.0,7.56,-9999,"TSS, Nuts, DOC, Alk",10.0,60,1.09433,1.22138,88.57,1135.37,1.22659,1.22472,used old YSI probe for temp and us,12:30:00
316,SFP_Wapiti,2025-07-21,09:35,10.85,54.0,8.01,-9999,"TSS, Nuts, DOC, Alk",17.0,13,1.06473,1.19374,88.74,1159.68,1.19508,1.19452,used old YSI probe for temp and us,09:35:00
317,Wapiti_Cr,2025-07-21,09:04,7.08,76.0,7.39,-9999,"TSS, Nuts, DOC, Alk",15.0,14,1.07708,1.20592,89.06,1000.35,1.21112,1.20934,used old YSI probe for temp and us,09:04:00
318,Bear_Cr,2025-07-21,09:55,10.4,81.0,7.89,-9999,"TSS, Nuts, DOC, Alk",18.0,58,1.08356,1.21146,87.88,1141.35,1.21582,1.21449,used old YSI probe for temp and us,09:55:00
319,SFP_Alder_Cr,2025-08-01,12:55,14.62,100.0,8.08,65.82,"TSS, Nuts, DOC, Alk",4.0,13,1.063,1.191,87.63,1137.63,1.216,1.212,"rainstorm night of 7/31 before sampling, river very murky while sampling ",12:55:00
320,SFP_DW,2025-08-01,13:07,13.89,80.0,8.03,84.93,"TSS, Nuts, DOC, Alk",1.0,23,1.101,1.23,88.4,1131.9,1.263,1.258,rainstorm night of 7/31 before sampling ,13:07:00
321,BJ_Cr,2025-08-01,13:20,9.66,47.0,8.01,50.89,"TSS, Nuts, DOC, Alk",5.0,12,1.066,1.193,88.38,1090.53,1.202,1.193,rainstorm night of 7/31 before sampling ,13:20:00
322,SFP_BJ,2025-08-01,13:55,17.17,83.0,8.09,81.43,"TSS, Nuts, DOC, Alk",3.0,4,1.106,1.231,88.21,1116.96,1.247,1.239,rainstorm night of 7/31 before sampling ,13:55:00
323,Warm_Sp,2025-08-01,14:30,14.44,63.0,8.18,103.3,"TSS, Nuts, DOC, Alk",2.0,2,1.098,1.226,88.53,1116.34,1.226,1.225,rainstorm night of 7/31 before sampling ,14:30:00
324,SFP_Chap,2025-08-01,12:30,13.3,73.0,8.11,84.19,"TSS, Nuts, DOC, Alk",9.0,19,1.075,1.207,87.49,-9999,-9999,-9999,"rainstorm night of 7/31 before sampling, TSS bottle dumped and used to sample SFP below staircase rapid because of very murky water coming from middle fork",12:30:00
325,Chapman_Cr,2025-08-01,12:40,13.04,77.0,8.02,102.8,"TSS, Nuts, DOC, Alk",6.0,14,1.076,1.208,87.45,1081.21,1.231,1.235,rainstorm night of 7/31 before sampling ,12:40:00
326,Fox_Cr,2025-08-01,11:17,13.11,189.0,7.87,193.8,"TSS, Nuts, DOC, Alk",15.0,25,1.098,1.23,88.23,1119.0,1.244,1.232,rainstorm night of 7/31 before sampling ,11:17:00
327,SFP_Wolf_Cr,2025-08-01,11:25,12.17,73.0,8.08,74.92,"TSS, Nuts, DOC, Alk",14.0,22,1.111,1.243,88.51,1140.91,1.244,1.247,rainstorm night of 7/31 before sampling ,11:25:00
328,Canyon_Cr_SFP,2025-08-01,11:00,9.98,94.0,7.89,96.52,"TSS, Nuts, DOC, Alk",17.0,17,1.092,1.223,88.73,1143.55,1.241,1.231,rainstorm night of 7/31 before sampling ,11:00:00
329,SFP_Canyon_Cr,2025-08-01,11:05,11.9,62.0,7.11,127.8,"TSS, Nuts, DOC, Alk",13.0,18,1.112,1.244,88.34,1084.7,1.244,1.247,rainstorm night of 7/31 before sampling ,11:05:00
330,Camp_Cr,2025-08-01,10:48,11.25,67.0,7.99,86.97,"TSS, Nuts, DOC, Alk",12.0,8,1.107,1.238,87.89,1128.4,1.242,1.241,rainstorm night of 7/31 before sampling ,10:48:00
331,SH_Cr,2025-08-01,10:45,12.56,58.0,8.12,62.18,"TSS, Nuts, DOC, Alk",11.0,15,1.085,1.215,88.07,1072.33,1.255,1.252,rainstorm night of 7/31 before sampling ,10:45:00
332,HP,2025-08-01,11:50,9.41,84.0,8.03,86.55,"TSS, Nuts, DOC, Alk",10.0,7,1.082,1.214,88.57,1140.5,1.215,1.218,rainstorm night of 7/31 before sampling ,11:50:00
333,Avalanche_Cr,2025-08-01,12:05,12.31,115.0,7.96,117.5,"TSS, Nuts, DOC, Alk",7.0,1,1.085,1.216,88.99,1131.08,1.234,1.224,rainstorm night of 7/31 before sampling ,12:05:00
334,GO_Cr,2025-08-01,12:15,1562.0,109.0,8.02,134.1,"TSS, Nuts, DOC, Alk",8.0,6,1.105,1.237,88.49,1099.43,1.366,1.357,rainstorm night of 7/31 before sampling ,12:15:00
335,SFP_Wapiti,2025-08-01,10:25,11.69,60.0,8.11,63.72,"TSS, Nuts, DOC, Alk",16.0,20,1.063,1.193,88.46,1144.32,1.205,1.196,rainstorm night of 7/31 before sampling ,10:25:00
336,Wapiti_Cr,2025-08-01,10:00,7.69,79.0,7.98,83.49,"TSS, Nuts, DOC, Alk",19.0,5,1.089,1.221,89.61,1061.07,1.222,1.221,rainstorm night of 7/31 before sampling ,10:00:00
337,Bear_Cr,2025-08-01,10:35,11.78,82.0,8.05,88.08,"TSS, Nuts, DOC, Alk",18.0,9,1.065,1.197,87.85,1081.82,1.211,1.199,rainstorm night of 7/31 before sampling ,10:35:00
338,SFP_Alder_Cr,2025-08-14,08:43,13.17,44.0,7.49,61.59,"TSS, Nuts, DOC, Alk",9.0,32,1.08,1.212,88.34,1155.71,1.225,1.2238,,08:43:00
339,SFP_DW,2025-08-14,09:24,14.64,73.0,7.27,100.1,"TSS, Nuts, DOC, Alk",5.0,33,1.107,1.239,88.87,1126.54,1.243,1.2431,,09:24:00
340,BJ_Cr,2025-08-14,10:20,8.17,33.0,7.29,55.45,"TSS, Nuts, DOC, Alk",13.0,58,1.083,1.212,88.57,1116.33,1.219,1.218,,10:20:00
341,SFP_BJ,2025-08-14,10:35,11.41,63.0,7.16,95.34,"TSS, Nuts, DOC, Alk",12.0,68,1.095,1.225,88.22,1099.53,1.226,1.2261,,10:35:00
342,Warm_Sp,2025-08-14,10:45,12.03,79.0,7.11,116.8,"TSS, Nuts, DOC, Alk",7.0,50,1.092,1.219,89.54,1121.45,1.22,1.2206,,10:45:00
343,SFP_Chap,2025-08-14,10:55,12.12,60.0,7.14,87.09,"TSS, Nuts, DOC, Alk",18.0,59,1.094,1.226,88.03,1097.46,1.226,1.2262,,10:55:00
344,Chapman_Cr,2025-08-14,16:25,13.07,79.0,6.93,112.5,"TSS, Nuts, DOC, Alk",3.0,34,1.067,1.198,88.75,1128.46,1.211,1.2099,,16:25:00
345,Fox_Cr,2025-08-14,16:30,16.99,162.0,7.2,207.5,"TSS, Nuts, DOC, Alk",14.0,51,1.063,1.196,88.91,1120.25,1.199,1.1983,,16:30:00
346,SFP_Wolf_Cr,2025-08-14,16:40,18.03,62.0,6.56,83.96,"TSS, Nuts, DOC, Alk",1.0,31,1.094,1.228,88.67,1151.42,1.233,1.2313,,16:40:00
347,Canyon_Cr_SFP,2025-08-14,16:15,14.75,78.0,6.27,106.7,"TSS, Nuts, DOC, Alk",19.0,53,1.086,1.217,89.83,1149.43,1.221,1.2207,,16:15:00
348,SFP_Canyon_Cr,2025-08-14,16:20,17.86,59.0,7.16,75.64,"TSS, Nuts, DOC, Alk",8.0,54,1.081,1.209,88.59,1148.32,1.211,1.21,,16:20:00
349,Camp_Cr,2025-08-14,12:40,13.45,52.0,7.16,75.33,"TSS, Nuts, DOC, Alk",16.0,56,1.089,1.222,88.78,1084.1,1.225,1.2231,,12:40:00
350,SH_Cr,2025-08-14,12:45,15.45,49.0,6.99,66.03,"TSS, Nuts, DOC, Alk",15.0,43,1.097,1.228,88.93,1104.76,1.243,1.2397,,12:45:00
351,HP,2025-08-14,11:35,9.36,60.0,7.16,95.11,"TSS, Nuts, DOC, Alk",4.0,29,1.115,1.247,88.07,1138.77,1.25,1.2503,,11:35:00
352,Avalanche_Cr,2025-08-14,11:45,11.98,88.0,7.12,128.0,"TSS, Nuts, DOC, Alk",11.0,27,1.101,1.234,88.21,1111.92,1.235,1.237,,11:45:00
353,GO_Cr,2025-08-14,12:05,15.78,110.0,6.97,150.4,"TSS, Nuts, DOC, Alk",2.0,39,1.099,1.233,88.75,1082.22,1.247,1.2438,,12:05:00
354,SFP_Wapiti,2025-08-14,14:50,16.93,56.0,7.23,71.61,"TSS, Nuts, DOC, Alk",17.0,28,1.107,1.24,89.13,1140.71,1.242,1.242,,14:50:00
355,Wapiti_Cr,2025-08-14,14:30,10.0,54.0,6.91,88.38,"TSS, Nuts, DOC, Alk",10.0,30,1.096,1.231,88.65,1088.75,1.235,1.2325,,14:30:00
356,Bear_Cr,2025-08-14,15:00,18.33,76.0,7.2,94.82,"TSS, Nuts, DOC, Alk",6.0,37,1.801,1.214,87.93,1126.56,1.215,1.2146,,15:00:00
357,MainPayette_Gauge,2025-08-27,12:30,19.1,47.0,7.07,55.33,"TSS, Nuts, DOC, Alk",16.0,25,1.0984,1.2314,58.144,591.81,1.2751,1.2673,non-regular sampling after rain. 500ml bottle for TSS,12:30:00
358,SFP_Staircase,2025-08-27,13:00,17.1,79.0,6.94,95.1,"TSS, Nuts, DOC, Alk",19.0,"16,32,27,41",4.3401,4.8741,57.94,597.88,5.7575,5.5978,non-regular sampling after rain. 500ml bottle for TSS,13:00:00
359,MFP_Crouch,2025-08-27,13:15,18.3,68.0,7.07,75.63,"TSS, Nuts, DOC, Alk",10.0,58,1.0852,1.2177,58.031,579.85,1.2268,1.2237,non-regular sampling after rain. 500ml bottle for TSS,13:15:00
360,SFP_Wapiti,2025-08-27,14:35,14.5,60.0,7.08,70.89,"TSS, Nuts, DOC, Alk",11.0,11,1.0863,1.218,58.19,576.71,1.2795,1.2717,non-regular sampling after rain. 500ml bottle for TSS,14:35:00
361,SH_Cr,2025-08-27,14:50,15.6,54.0,6.92,67.08,"TSS, Nuts, DOC, Alk",12.0,49,1.0885,1.2228,57.887,573.18,1.2398,1.2361,non-regular sampling after rain. 500ml bottle for TSS,14:50:00
362,Canyon_Cr_SFP,2025-08-27,15:00,12.6,90.0,6.98,102.4,"TSS, Nuts, DOC, Alk",20.0,"4,40,39",3.3143,3.7159,57.98,607.7,3.8732,3.8484,non-regular sampling after rain. 500ml bottle for TSS,15:00:00
363,SFP_Canyon_Cr,2025-08-27,15:05,12.5,67.0,7.05,73.65,"TSS, Nuts, DOC, Alk",13.0,59,1.0922,1.2264,57.78,604.07,1.3054,1.2959,non-regular sampling after rain. 500ml bottle for TSS,15:05:00
364,Fox_Cr,2025-08-27,15:20,15.1,177.0,6.81,195.6,"TSS, Nuts, DOC, Alk",7.0,46,1.1008,1.2336,58.498,566.91,1.2496,1.245,non-regular sampling after rain. 500ml bottle for TSS,15:20:00
365,SFP_Wolf_Cr,2025-08-27,15:30,14.2,74.0,6.95,111.2,"TSS, Nuts, DOC, Alk",1.0,45,1.1007,1.2322,57.091,594.95,1.3744,1.3576,non-regular sampling after rain. 500ml bottle for TSS,15:30:00
366,SFP_Chap,2025-08-27,15:45,14.3,73.0,6.89,84.05,"TSS, Nuts, DOC, Alk",17.0,48,1.0994,1.2329,58.26,588.59,1.3687,1.3521,non-regular sampling after rain. 500ml bottle for TSS,15:45:00
367,Warm_Sp,2025-08-27,15:55,14.6,90.0,7.03,103.2,"TSS, Nuts, DOC, Alk",18.0,"28,47,20",3.2673,3.6684,58.189,590.95,4.0679,4.0315,non-regular sampling after rain. 500ml bottle for TSS,15:55:00
368,SFP_BJ,2025-08-27,16:05,14.4,77.0,6.68,90.74,"TSS, Nuts, DOC, Alk",5.0,"37,8,13,29,31,36",6.5471,7.3453,58.078,603.64,8.7442,8.5935,non-regular sampling after rain. 500ml bottle for TSS,16:05:00
369,BJ_Cr,2025-08-27,16:20,12.8,46.0,7.13,58.14,"TSS, Nuts, DOC, Alk",15.0,34,1.0653,1.1976,58.168,591.1,1.1993,1.1968,non-regular sampling after rain. 500ml bottle for TSS,16:20:00
370,SFP_DW,2025-08-27,16:50,16.1,79.0,6.74,90.87,"TSS, Nuts, DOC, Alk",6.0,"40,6,30,68",3.2981,3.6979,57.163,592.81,4.3957,4.3131,non-regular sampling after rain. 500ml bottle for TSS,16:50:00
371,SFP_Alder_Cr,2025-08-27,17:20,16.8,59.0,6.96,75.36,"TSS, Nuts, DOC, Alk",9.0,"1,HZ,FC20,55,51,44,50,14,17,7,18",11.9665,13.4337,58.226,594.02,17.5004,16.7906,non-regular sampling after rain. 500ml bottle for TSS,17:20:00
372,SFP_Alder_Cr,2025-08-29,12:05,15.26,65.0,7.16,65.66,"TSS, Nuts, DOC, Alk",2.0,45,1.1008,1.2338,88.56,1142.1,1.2937,1.2849,,12:05:00
373,SFP_DW,2025-08-29,11:30,14.06,91.0,6.76,92.74,"TSS, Nuts, DOC, Alk",4.0,1,1.084,1.2171,87.64,1130.54,1.2959,1.2845,,11:30:00
374,BJ_Cr,2025-08-29,10:45,8.13,51.0,7.13,52.19,"TSS, Nuts, DOC, Alk",6.0,FC11,1.0792,1.2128,87.45,1057.64,1.2148,1.2125,,10:45:00
375,SFP_BJ,2025-08-29,10:30,10.47,86.0,6.92,87.35,"TSS, Nuts, DOC, Alk",3.0,23,1.1025,1.2343,88.19,1158.74,1.2981,1.2911,,10:30:00
376,Warm_Sp,2025-08-29,10:10,10.91,102.0,6.79,102.3,"TSS, Nuts, DOC, Alk",5.0,32,1.079,1.2125,88.39,1147.76,1.2909,1.2825,,10:10:00
377,SFP_Chap,2025-08-29,10:00,9.99,80.0,6.61,82.0,"TSS, Nuts, DOC, Alk",7.0,10,1.0827,1.2146,89.0,1144.9,1.2663,1.2597,,10:00:00
378,Fox_Cr,2025-08-29,12:35,13.54,190.0,6.85,192.5,"TSS, Nuts, DOC, Alk",13.0,58,1.0831,1.2157,88.36,1030.99,1.2216,1.2191,,12:35:00
379,SFP_Wolf_Cr,2025-08-29,12:45,13.14,79.0,6.9,79.97,"TSS, Nuts, DOC, Alk",12.0,2,1.0981,1.231,87.88,1104.77,1.2915,1.2828,,12:45:00
380,Canyon_Cr_SFP,2025-08-29,12:15,10.29,99.0,6.92,100.4,"TSS, Nuts, DOC, Alk",15.0,4,1.1051,1.2377,88.24,1149.05,1.3929,1.3696,,12:15:00
381,SFP_Canyon_Cr,2025-08-29,12:20,12.79,69.0,6.58,66.98,"TSS, Nuts, DOC, Alk",14.0,43,1.0967,1.2298,88.51,1146.87,1.2599,1.2561,,12:20:00
382,Camp_Cr,2025-08-29,11:45,11.78,72.0,7.14,73.22,"TSS, Nuts, DOC, Alk",16.0,33,1.1073,1.2397,88.45,1140.78,1.2457,1.2436,,11:45:00
383,SH_Cr,2025-08-29,11:35,12.95,61.0,6.94,61.85,"TSS, Nuts, DOC, Alk",17.0,27,1.1006,1.2335,88.73,1152.67,1.2418,1.2398,,11:35:00
384,HP,2025-08-29,13:10,10.92,93.0,6.89,93.42,"TSS, Nuts, DOC, Alk",11.0,51,1.0628,1.196,88.08,1152.99,1.416,1.3946,,13:10:00
385,Avalanche_Cr,2025-08-29,16:26,14.5,119.0,6.62,119.3,"TSS, Nuts, DOC, Alk",10.0,12,1.0663,1.1994,88.57,1137.31,1.4141,1.2723,,16:26:00
386,GO_Cr,2025-08-29,16:45,10.56,133.0,6.85,134.3,"TSS, Nuts, DOC, Alk",8.0,31,1.0942,1.2278,88.5,1078.62,1.2482,1.2456,,16:45:00
387,SFP_Wapiti,2025-08-29,11:15,11.34,66.0,6.64,68.09,"TSS, Nuts, DOC, Alk",18.0,29,1.1171,1.251,87.84,1148.58,1.2789,1.2752,,11:15:00
388,Wapiti_Cr,2025-08-29,18:28,9.86,82.0,6.92,82.51,"TSS, Nuts, DOC, Alk",9.0,39,1.1009,1.2344,88.35,1157.55,1.2411,1.2371,,18:28:00
389,Bear_Cr,2025-08-29,11:25,11.97,90.0,6.65,90.08,"TSS, Nuts, DOC, Alk",19.0,5,1.0894,1.2221,89.61,1145.66,1.2232,1.2223,,11:25:00
390,Canyon_Cr_Banner,2025-08-29,13:41,11.39,98.0,6.69,98.72,TSS,20.0,16,1.096,1.229,87.72,1075.4,1.2376,1.2357,site added 8/29.,13:41:00
391,Canyon_Cr_DF_1,2025-08-29,14:05,12.04,106.0,6.72,106.7,TSS,21.0,38,1.0982,1.2297,105.86,1109.75,1.282,1.3885,site added 8/29. TSS in brown bottles,14:05:00
392,Canyon_Cr_DF_3,2025-08-29,14:45,12.79,119.0,6.77,115.8,TSS,22.0,25,1.0984,1.2311,104.35,1133.14,1.5372,1.4835,site added 8/29. TSS in brown bottles. This might actually be Canyon_Cr_DF2.,14:45:00
393,Wapiti_Cr,2025-09-12,11:40,6.68,81.0,6.4,84.08,"TSS, Nuts, DOC, Alk",4.0,11,1.0851,1.216,102.53,1032.6,1.2217,1.2183,,11:40:00
394,SFP_Wapiti,2025-09-12,12:00,10.01,72.0,7.14,72.43,"TSS, Nuts, DOC, Alk",7.0,20,1.0613,1.194,104.97,1138.68,1.1971,1.1964,,12:00:00
395,Bear_Cr,2025-09-12,12:10,9.39,91.0,6.85,91.52,"TSS, Nuts, DOC, Alk",8.0,40,1.1056,1.2374,101.89,1152.41,1.2396,1.238,,12:10:00
396,SH_Cr,2025-09-12,12:20,10.64,60.0,6.61,60.84,"TSS, Nuts, DOC, Alk",3.0,28,1.1077,1.2394,103.18,1089.71,1.246,1.2444,,12:20:00
397,Camp_Cr,2025-09-12,12:30,9.98,72.0,6.5,72.18,"TSS, Nuts, DOC, Alk",15.0,53,1.0851,1.2182,106.69,1128.06,1.2243,1.2226,,12:30:00
398,Canyon_Cr_SFP,2025-09-12,12:45,8.7,102.0,6.63,103.0,"TSS, Nuts, DOC, Alk",2.0,1,1.0758,1.2072,106.05,1119.5,1.2259,1.2233,,12:45:00
399,SFP_Canyon_Cr,2025-09-12,12:50,10.86,74.0,7.02,73.89,"TSS, Nuts, DOC, Alk",14.0,59,1.0919,1.2238,101.51,1158.76,1.2277,1.2261,,12:50:00
400,Fox_Cr,2025-09-12,13:05,11.29,184.0,6.6,186.8,"TSS, Nuts, DOC, Alk",11.0,47,1.0967,1.2289,102.55,1136.36,1.2352,1.2329,,13:05:00
401,SFP_Wolf_Cr,2025-09-12,13:20,11.66,85.0,6.72,84.45,"TSS, Nuts, DOC, Alk",12.0,9,1.0635,1.1972,101.56,1081.57,1.2026,1.2011,,13:20:00
402,GO_Cr,2025-09-12,13:40,13.14,132.0,6.8,132.8,"TSS, Nuts, DOC, Alk",16.0,37,1.0809,1.2135,102.63,1111.06,1.2235,1.2208,,13:40:00
403,Avalanche_Cr,2025-09-12,14:00,12.62,129.0,6.58,131.9,"TSS, Nuts, DOC, Alk",5.0,57,1.0785,1.2117,88.38,-9999,1.2612,1.2587,forgot to weigh full bottle.,14:00:00
404,HP,2025-09-12,14:15,9.03,96.0,6.46,98.32,"TSS, Nuts, DOC, Alk",19.0,34,1.0647,1.1973,89.62,-9999,1.2256,1.2167,forgot to weigh full bottle.,14:15:00
405,SFP_Chap,2025-09-12,17:15,13.4,84.0,6.25,86.68,"TSS, Nuts, DOC, Alk",13.0,18,1.1108,1.2421,88.34,-9999,1.2478,1.2468,forgot to weigh full bottle.,17:15:00
406,Warm_Sp,2025-09-12,17:25,14.53,103.0,6.53,104.2,"TSS, Nuts, DOC, Alk",17.0,46,1.1005,1.2333,88.73,1157.88,1.2437,1.241,,17:25:00
407,SFP_BJ,2025-09-12,17:40,13.66,91.0,6.43,93.16,"TSS, Nuts, DOC, Alk",10.0,13,1.064,1.1954,87.57,1153.48,1.2036,1.2021,,17:40:00
408,BJ_Cr,2025-09-12,17:50,9.14,51.0,6.32,53.56,"TSS, Nuts, DOC, Alk",6.0,49,1.0879,1.2194,87.45,-9999,1.2222,1.2205,forgot to weigh full bottle.,17:50:00
409,SFP_DW,2025-09-12,18:26,14.22,96.0,6.3,96.69,"TSS, Nuts, DOC, Alk",9.0,48,1.0988,1.2314,88.34,1146.89,1.2381,1.2365,the tin number label looks like H8,18:26:00
410,SFP_Alder_Cr,2025-09-12,18:55,14.72,102.0,6.65,103.5,"TSS, Nuts, DOC, Alk",1.0,14,1.0762,1.209,88.38,1153.68,1.2136,1.2125,,18:55:00
411,Canyon_Cr_Banner,2025-09-12,16:15,9.18,96.0,6.93,97.46,TSS,20.0,2,1.0974,1.2301,102.85,1090.46,-9999,1.2323,Forgot to weigh sed before ashing. Furthest upstream on Canyon beyond 8/27 debris flows,16:15:00
412,Canyon_Cr_DF2,2025-09-12,16:25,9.63,103.0,6.82,101.5,TSS,24.0,32,1.0786,1.2118,102.82,1034.33,-9999,1.2427,Forgot to weigh sed before ashing.,16:25:00
413,Canyon_Cr_DF8,2025-09-12,14:55,9.29,107.0,6.89,110.7,TSS,21.0,FC11,1.0786,1.2111,102.41,1091.29,-9999,1.3273,Forgot to weigh sed before ashing. site first sampled 9/12,14:55:00
414,Canyon_Cr_DF5,2025-09-12,15:35,9.94,105.0,7.0,86.98,TSS,22.0,5,1.0887,1.2218,105.1,1039.92,-9999,1.2378,Forgot to weigh sed before ashing. site first sampled 9/12,15:35:00
415,Canyon_Cr_DF4,2025-09-12,15:50,10.78,114.0,6.97,112.2,TSS,23.0,39,1.1011,1.2349,102.79,1146.36,-9999,1.2475,Forgot to weigh sed before ashing. site first sampled 9/12,15:50:00
416,Canyon_Cr_slump1,2025-09-12,14:45,9.78,115.0,6.94,113.4,TSS,25.0,31,1.0939,1.2258,102.87,1142.19,-9999,1.2773,Forgot to weigh sed before ashing. site first sampled 9/12,14:45:00
417,SFP_Wapiti,2025-09-26,15:25,13.0,75.0,7.23,69.31,"TSS, Nuts, DOC, Alk",12.0,1,1.0846,1.2175,87.88,1119.34,1.2207,1.2202,,15:25:00
418,Bear_Cr,2025-09-26,15:10,13.8,92.0,6.48,89.31,"TSS, Nuts, DOC, Alk",6.0,17,1.0912,1.2254,87.46,1133.43,1.2273,1.2262,,15:10:00
419,SH_Cr,2025-09-26,15:45,14.55,61.0,6.6,60.72,"TSS, Nuts, DOC, Alk",20.0,6,1.1035,1.2371,88.28,1048.12,1.2443,1.2425,,15:45:00
420,Camp_Cr,2025-09-26,15:55,12.9,72.0,6.47,68.03,"TSS, Nuts, DOC, Alk",24.0,58,1.0833,1.2164,87.73,1118.11,1.2267,1.2247,,15:55:00
421,Canyon_Cr_SFP,2025-09-26,16:10,10.98,104.0,6.5,102.1,"TSS, Nuts, DOC, Alk",2.0,45,1.1012,1.2346,88.81,1101.35,1.2422,1.2403,,16:10:00
422,SFP_Canyon_Cr,2025-09-26,16:20,13.31,77.0,6.45,75.82,"TSS, Nuts, DOC, Alk",19.0,27,1.1009,1.2356,87.47,1081.66,1.2383,1.2367,,16:20:00
423,Fox_Cr,2025-09-26,16:35,12.25,188.0,6.98,184.6,"TSS, Nuts, DOC, Alk",1.0,44,1.0914,1.2247,88.4,1080.69,1.2335,1.2304,,16:35:00
424,SFP_Wolf_Cr,2025-09-26,16:45,13.35,87.0,6.68,83.95,"TSS, Nuts, DOC, Alk",13.0,23,1.1024,1.2349,88.36,1092.88,1.2384,1.2378,,16:45:00
425,GO_Cr,2025-09-26,14:20,11.06,131.0,6.88,128.6,"TSS, Nuts, DOC, Alk",17.0,51,1.062,1.1954,88.74,1069.6,1.2043,1.2017,,14:20:00
426,Avalanche_Cr,2025-09-26,14:05,11.88,129.0,6.55,125.9,"TSS, Nuts, DOC, Alk",15.0,29,1.1163,1.2492,88.5,1136.8,1.2561,1.2546,,14:05:00
427,HP,2025-09-26,13:40,9.5,97.0,6.57,96.27,"TSS, Nuts, DOC, Alk",3.0,FC20,1.1174,1.2494,88.2,1111.12,1.2557,1.255,,13:40:00
428,SFP_Chap,2025-09-26,17:10,13.14,87.0,6.63,84.98,"TSS, Nuts, DOC, Alk",8.0,55,1.0942,1.2267,88.51,1090.22,1.2302,1.2284,,17:10:00
429,Warm_Sp,2025-09-26,17:25,14.47,110.0,6.57,107.5,"TSS, Nuts, DOC, Alk",9.0,10,1.0821,1.2152,88.36,1108.05,1.2202,1.2189,,17:25:00
430,SFP_BJ,2025-09-26,17:40,13.21,94.0,6.63,92.57,"TSS, Nuts, DOC, Alk",14.0,7,1.0826,1.2154,88.52,1119.17,1.219,1.2183,,17:40:00
431,BJ_Cr,2025-09-26,17:50,8.52,52.0,6.38,48.37,"TSS, Nuts, DOC, Alk",18.0,36,1.0804,1.2146,87.84,1103.23,1.2176,1.216,,17:50:00
432,SFP_DW,2025-09-26,18:30,12.77,99.0,6.27,97.29,"TSS, Nuts, DOC, Alk",16.0,12,1.0664,1.1994,88.46,1083.7,1.2035,1.2026,,18:30:00
433,SFP_Alder_Cr,2025-09-26,19:00,13.7,105.0,6.58,104.2,"TSS, Nuts, DOC, Alk",5.0,41,1.0622,1.1954,88.38,1123.35,1.1985,1.1969,,19:00:00
434,Canyon_Cr_Banner,2025-09-26,11:15,5.75,95.0,6.5,94.6,"TSS, Nuts, DOC, Alk",10.0,38,1.0942,1.2267,87.58,1076.76,1.2337,1.2329,,11:15:00
435,Canyon_Cr_DF2,2025-09-26,11:30,6.58,101.0,6.61,101.2,"TSS, Nuts, DOC, Alk",4.0,HZ,1.0691,1.2011,87.91,1099.57,1.2064,1.2046,,11:30:00
436,Canyon_Cr_DF8,2025-09-26,13:05,10.77,116.0,6.46,113.9,"TSS, Nuts, DOC, Alk",21.0,43,1.0959,1.2296,88.83,1106.01,1.2375,1.236,,13:05:00
437,Canyon_Cr_DF5,2025-09-26,12:20,8.46,107.0,6.54,105.8,"TSS, Nuts, DOC, Alk",23.0,16,1.0965,1.2291,88.81,1084.96,1.2327,1.232,,12:20:00
438,Canyon_Cr_DF4,2025-09-26,11:50,8.58,114.0,6.98,111.0,"TSS, Nuts, DOC, Alk",11.0,33,1.1071,1.24,88.07,1061.91,1.2444,1.2434,,11:50:00
439,Canyon_Cr_slump1,2025-09-26,13:30,10.98,116.0,6.55,114.5,"TSS, Nuts, DOC, Alk",22.0,8,1.1067,1.2392,89.61,1105.27,1.2467,1.2458,,13:30:00
440,SFP_DW,2025-10-04,09:10,10.42,92.0,7.76,93.92,TSS,1.0,47,1.0972,1.2298,88.4,1107.13,1.3175,1.3074,non-regular sampling after 10/03 rain.,09:10:00
441,BJ_Cr,2025-10-04,09:40,7.0,53.0,7.98,48.67,TSS,17.0,5,1.0895,1.2219,88.73,1093.84,1.2236,1.2223,non-regular sampling after 10/03 rain.,09:40:00
442,SFP_BJ,2025-10-04,09:50,8.99,88.0,7.95,89.91,TSS,11.0,48,1.0992,1.2314,88.73,1081.82,1.2977,1.2915,non-regular sampling after 10/03 rain.,09:50:00
443,Warm_Sp,2025-10-04,10:05,9.86,103.0,8.31,105.1,TSS,16.0,20,1.062,1.195,88.46,1116.93,1.2588,1.2549,non-regular sampling after 10/03 rain.,10:05:00
444,SFP_Chap,2025-10-04,10:15,8.53,82.0,7.45,82.9,TSS,3.0,59,1.0927,1.2262,88.2,1120.05,1.2764,1.2706,non-regular sampling after 10/03 rain.,10:15:00
445,Fox_Cr,2025-10-04,10:30,8.99,186.0,7.93,187.4,TSS,10.0,25,1.0983,1.2313,87.58,1090.86,1.242,1.2391,non-regular sampling after 10/03 rain.,10:30:00
446,SFP_Wolf_Cr,2025-10-04,10:35,8.71,82.0,8.22,84.34,TSS,18.0,4,1.1053,1.2381,87.83,1118.06,1.2863,1.2808,non-regular sampling after 10/03 rain.,10:35:00
447,Canyon_Cr_SFP,2025-10-04,10:50,7.36,106.0,7.73,112.3,TSS,5.0,11,1.0857,1.2195,88.39,1107.52,1.408,1.3886,non-regular sampling after 10/03 rain.,10:50:00
448,SFP_Canyon_Cr,2025-10-04,10:55,9.12,71.0,8.04,72.54,TSS,22.0,40,1.1066,1.2403,89.61,1115.18,1.2507,1.2491,non-regular sampling after 10/03 rain.,10:55:00
449,SH_Cr,2025-10-04,11:05,8.55,62.0,8.03,65.05,TSS,21.0,39,1.1019,1.2347,88.83,1088.59,1.329,1.3231,non-regular sampling after 10/03 rain.,11:05:00
450,Camp_Cr,2025-10-04,11:10,8.27,75.0,7.85,83.38,TSS,2.0,68,1.0944,1.2264,88.8,1091.0,1.2308,1.2286,non-regular sampling after 10/03 rain.,11:10:00
451,Bear_Cr,2025-10-04,11:20,8.94,94.0,7.79,112.4,TSS,24.0,34,1.0655,1.1982,87.73,1099.97,1.2006,1.1995,non-regular sampling after 10/03 rain.,11:20:00
452,SFP_Wapiti,2025-10-04,11:25,9.46,68.0,7.4,69.7,TSS,13.0,18,1.1117,1.2445,88.35,1106.54,1.2537,1.2524,non-regular sampling after 10/03 rain.,11:25:00
453,Wapiti_Cr,2025-10-04,16:40,7.53,67.0,7.91,83.07,TSS,19.0,13,1.0649,1.1979,87.47,1114.14,1.2112,1.2089,non-regular sampling after 10/03 rain.,16:40:00
454,SFP_Alder_Cr,2025-10-04,09:30,-9999,-9999,7.39,79.53,TSS,25.0,"57,FC11",2.1578,2.4245,102.86,1080.07,2.7736,2.7305,non-regular sampling after 10/03 rain.,09:30:00
455,Chapman_Cr,2025-10-05,12:40,6.49,106.0,7.67,89.74,TSS,20.0,53,1.0857,1.2195,88.28,1038.67,1.2725,1.2665,non-regular sampling after 10/03 rain.,12:40:00
456,SFP_DW,2025-10-10,11:00,8.46,97.0,8.2,98.03,"TSS, Nuts, DOC, Alk",19.0,FC10,1.1065,1.2387,87.46,1091.11,1.2497,1.2475,,11:00:00
457,SFP_Wapiti,2025-10-10,12:20,9.15,73.0,8.09,78.54,"TSS, Nuts, DOC, Alk",5.0,FC13,1.0695,1.202,88.38,1068.99,1.2048,1.2048,,12:20:00
458,Bear_Cr,2025-10-10,12:30,9.96,93.0,7.85,91.83,"TSS, Nuts, DOC, Alk",9.0,FC4,1.0584,1.1915,88.34,1033.75,1.1934,1.1934,,12:30:00
459,SH_Cr,2025-10-10,12:45,10.48,61.0,7.79,60.22,"TSS, Nuts, DOC, Alk",11.0,FC12,1.0878,1.2205,88.06,1096.3,1.2605,1.2572,,12:45:00
460,Camp_Cr,2025-10-10,12:50,10.17,75.0,7.49,77.56,"TSS, Nuts, DOC, Alk",2.0,FC14,1.0817,1.2144,88.8,1119.55,1.2241,1.2221,,12:50:00
461,Canyon_Cr_SFP,2025-10-10,13:05,8.64,105.0,7.62,106.3,"TSS, Nuts, DOC, Alk",12.0,FC16,1.0704,1.202,87.88,1113.98,1.258,1.2529,,13:05:00
462,SFP_Canyon_Cr,2025-10-10,13:15,9.61,76.0,7.45,80.83,"TSS, Nuts, DOC, Alk",3.0,FC18,1.0527,1.1849,88.2,1114.13,1.1882,1.1885,,13:15:00
463,Fox_Cr,2025-10-10,13:30,10.31,180.0,7.79,183.6,"TSS, Nuts, DOC, Alk",1.0,1,1.076,1.2094,88.39,1112.15,1.215,1.2135,,13:30:00
464,SFP_Wolf_Cr,2025-10-10,13:45,10.55,86.0,8.11,86.46,"TSS, Nuts, DOC, Alk",16.0,49,1.0874,1.2215,88.46,1114.79,1.2337,1.2329,,13:45:00
465,Canyon_Cr_Banner,2025-10-10,14:25,8.39,90.0,7.47,97.86,TSS,21.0,R21,1.1077,1.2385,88.83,1101.57,1.2424,1.2426,,14:25:00
466,Canyon_Cr_DF5,2025-10-10,14:45,11.01,108.0,7.87,109.0,TSS,22.0,FC19,1.0682,1.2003,89.74,1117.4,1.2128,1.211,,14:45:00
467,Canyon_Cr_slump1,2025-10-10,15:05,11.03,122.0,7.75,120.6,"TSS,DOC",15.0,2,1.0976,1.2298,88.49,1113.33,1.3056,1.2974,,15:05:00
468,HP,2025-10-10,15:15,9.73,97.0,7.97,96.05,"TSS, Nuts, DOC, Alk",6.0,9,1.0636,1.1962,87.45,1119.05,1.2576,1.2535,,15:15:00
469,Avalanche_Cr,2025-10-10,15:35,11.36,121.0,7.43,131.8,"TSS, Nuts, DOC, Alk",10.0,28,1.1078,1.2414,87.57,1119.22,1.3137,1.3125,,15:35:00
470,GO_Cr,2025-10-10,15:50,10.32,115.0,7.74,133.0,"TSS, Nuts, DOC, Alk",8.0,37,1.0808,1.2136,88.5,1081.19,1.2424,1.2404,,15:50:00
471,SFP_Chap,2025-10-10,16:10,11.45,85.0,7.35,86.47,"TSS, Nuts, DOC, Alk",7.0,46,1.1007,1.2326,89.0,1139.29,1.2434,1.2429,,16:10:00
472,Warm_Sp,2025-10-10,16:20,13.55,109.0,7.67,109.2,"TSS, Nuts, DOC, Alk",4.0,31,1.0939,1.2265,87.91,1112.58,1.2433,1.2419,,16:20:00
473,SFP_BJ,2025-10-10,16:40,11.71,93.0,7.77,92.99,"TSS, Nuts, DOC, Alk",18.0,32,1.0786,1.2102,87.83,1141.43,1.2267,1.226,,16:40:00
474,BJ_Cr,2025-10-10,16:55,8.36,53.0,7.65,53.9,"TSS, Nuts, DOC, Alk",14.0,14,1.0761,1.2083,88.52,1091.57,1.2113,1.2099,,16:55:00
475,SFP_Alder_Cr,2025-10-10,18:15,11.6,104.0,8.26,104.3,"TSS, Nuts, DOC, Alk",17.0,FC17,1.0901,1.222,88.73,1108.92,1.2311,1.2303,,18:15:00
476,SFP_Wapiti,2025-12-04,09:50,1.53,73.0,7.38,69.94,"TSS, Nuts, DOC, Alk",8.0,9,1.0634,1.1973,88.54,1121.15,1.201,1.2001,,09:50:00
477,Bear_Cr,2025-12-04,10:10,-0.34,88.0,7.26,83.34,"TSS, Nuts, DOC, Alk",10.0,46,1.1008,1.2344,87.57,1023.01,1.2367,1.2358,,10:10:00
478,SH_Cr,2025-12-04,10:25,-0.34,58.0,7.7,56.91,"TSS, Nuts, DOC, Alk",2.0,FC10,1.1068,1.2387,88.85,1077.43,1.2426,1.2419,,10:25:00
479,Camp_Cr,2025-12-04,10:40,0.35,73.0,7.54,70.37,"TSS, Nuts, DOC, Alk",17.0,FC4,1.0586,1.1908,88.73,1057.0,1.1929,1.1925,,10:40:00
480,Canyon_Cr_SFP,2025-12-04,11:10,-0.29,104.0,7.31,7.16,"TSS, Nuts, DOC, Alk",11.0,FC19,1.0683,1.2004,88.09,1060.58,1.3088,1.3025,lots of coarse organic matter suspended in water.,11:10:00
481,SFP_Canyon_Cr,2025-12-04,11:20,1.01,76.0,7.65,71.11,"TSS, Nuts, DOC, Alk",16.0,68,1.0939,1.2276,88.46,1064.47,1.2297,1.2297,,11:20:00
482,Fox_Cr,2025-12-04,12:00,-0.33,178.0,7.18,150.3,"TSS, Nuts, DOC, Alk",7.0,18,1.111,1.2438,89.07,1103.77,1.2552,1.2525,,12:00:00
483,SFP_Wolf_Cr,2025-12-04,12:10,0.79,87.0,7.32,79.2,"TSS, Nuts, DOC, Alk",18.0,11,1.0854,1.2169,87.84,1132.3,1.2218,1.2213,,12:10:00
484,SFP_Chap,2025-12-04,13:35,0.97,83.0,7.64,80.11,"TSS, Nuts, DOC, Alk",13.0,5,1.0891,1.2231,88.36,1093.4,1.2269,1.226,slow water,13:35:00
485,Warm_Sp,2025-12-04,13:55,5.27,115.0,7.18,102.7,"TSS, Nuts, DOC, Alk",6.0,48,1.099,1.2322,87.45,1091.36,1.2396,1.2389,,13:55:00
486,SFP_BJ,2025-12-04,14:05,1.8,92.0,7.29,87.99,"TSS, Nuts, DOC, Alk",14.0,20,1.0617,1.1938,88.52,1122.37,1.1989,1.1981,,14:05:00
487,BJ_Cr,2025-12-04,14:20,1.37,49.0,7.58,50.71,"TSS, Nuts, DOC, Alk",1.0,53,1.0852,1.2176,88.39,1083.29,1.2193,1.2173,,14:20:00
488,SFP_DW,2025-12-04,16:00,0.92,90.0,7.38,90.1,"TSS, Nuts, DOC, Alk",12.0,13,1.0644,1.1976,87.89,1114.74,1.2016,1.2009,,16:00:00
489,SFP_Alder_Cr,2025-12-04,16:20,1.6,109.0,7.02,94.19,"TSS, Nuts, DOC, Alk",9.0,FC11,1.0787,1.2117,88.34,1129.21,1.2137,1.213,,16:20:00
490,SFP_Alder_Cr,2026-02-07,10:30,-9999,89.0,7.69,75.9,"TSS, Nuts, DOC, Alk",8.0,45,1.1005,1.2326,88.51,1162.78,1.2374,1.2361,Field EC CR800. Notebook values from Omega,10:30:00
491,SFP_DW,2026-02-07,11:15,-9999,82.0,6.27,88.67,"TSS, Nuts, DOC, Alk",16.0,43,1.0961,1.2275,88.44,1061.48,1.2305,1.2296,Still need temp,11:15:00
492,SH_Cr,2026-02-07,12:20,-9999,54.0,6.37,55.13,"TSS, Nuts, DOC, Alk",6.0,FC13,1.0694,1.2009,87.44,1113.19,1.2125,1.2113,,12:20:00
493,Camp_Cr,2026-02-07,12:40,-9999,74.0,6.37,72.53,"TSS, Nuts, DOC, Alk",7.0,FC12,1.0879,1.2206,88.99,1108.68,1.2271,1.2261,,12:40:00
494,Canyon_Cr_SFP,2026-02-07,13:35,-9999,101.0,6.39,93.85,"TSS, Nuts, DOC, Alk",10.0,1,1.0761,1.2086,87.56,1139.92,1.3002,1.299,,13:35:00
495,SFP_Canyon_Cr,2026-02-07,13:45,-9999,71.0,6.41,68.38,"TSS, Nuts, DOC, Alk",9.0,HZ,1.0692,1.2023,88.33,1164.74,1.2039,1.2033,,13:45:00
496,SFP_Wolf_Cr,2026-02-07,14:30,-9999,84.0,6.37,82.66,"TSS, Nuts, DOC, Alk",3.0,31,1.0942,1.2275,88.18,1113.9,1.2309,1.2297,,14:30:00
497,Fox_Cr,2026-02-07,14:45,-9999,134.0,6.32,129.1,"TSS, Nuts, DOC, Alk",4.0,4,1.1045,1.2355,87.89,1086.22,1.245,1.2423,omega read out as ms,14:45:00
498,SFP_Chap,2026-02-07,15:20,-9999,81.0,6.38,78.26,"TSS, Nuts, DOC, Alk",1.0,38,1.098,1.2285,88.38,1138.92,1.2314,1.2306,,15:20:00
499,Warm_Sp,2026-02-07,15:35,-9999,106.0,6.33,103.5,"TSS, Nuts, DOC, Alk",12.0,58,1.083,1.2172,87.87,1140.6,1.2235,1.2232,,15:35:00
500,SFP_BJ,2026-02-07,15:55,-9999,88.0,6.42,85.11,"TSS, Nuts, DOC, Alk",2.0,8,1.1071,1.2414,88.79,1143.46,1.2472,1.246,,15:55:00
501,BJ_Cr,2026-02-07,16:20,-9999,44.0,6.44,47.08,"TSS, Nuts, DOC, Alk",5.0,FC16,1.0707,1.2042,88.36,1110.25,1.2056,1.2038,Not typical site. Sampled above the highway culvert.,16:20:00
502,SH_Cr,2026-03-08,11:50,4.4,54.0,6.94,78.22,"TSS, Nuts, DOC, Alk",16.0,FC18,1.0533,1.1867,88.45,1089.31,1.1889,1.188,Field temp and field EC from CRX800. Notebook values from EC300. LabEC cell const = 0.881,11:50:00
503,Camp_Cr,2026-03-08,12:05,4.7,76.0,-9999,-9999,"Nuts, DOC, Alk",11.0,-9999,-9999,-9999,-9999,-9999,-9999,-9999,no TSS lost lid,12:05:00
504,Canyon_Cr_SFP,2026-03-08,12:50,4.0,106.0,6.66,117.1,"TSS, Nuts, DOC, Alk",17.0,47,1.0968,1.2284,88.73,1085.64,1.2432,1.242,,12:50:00
505,SFP_Canyon_Cr,2026-03-08,13:20,5.1,70.0,6.74,84.51,"TSS, Nuts, DOC, Alk",15.0,59,1.0922,1.2258,87.97,1057.31,1.2279,1.227,,13:20:00
506,SFP_Wolf_Cr,2026-03-08,14:15,6.5,78.0,7.07,94.05,"TSS, Nuts, DOC, Alk",14.0,10,1.0828,1.2157,88.5,1088.9,1.2167,1.2162,,14:15:00
507,Fox_Cr,2026-03-08,13:55,6.1,124.0,7.14,144.6,"TSS, Nuts, DOC, Alk",13.0,49,1.0885,1.2215,88.33,1085.09,1.2273,1.2267,,13:55:00
508,SFP_Chap,2026-03-08,15:00,6.7,81.0,7.07,92.29,"TSS, Nuts, DOC, Alk",7.0,FC17,1.0896,1.222,89.0,1129.72,1.2232,1.2224,,15:00:00
509,Warm_Sp,2026-03-08,15:45,10.2,104.0,7.1,119.4,"TSS, Nuts, DOC, Alk",19.0,14,1.0771,1.2093,87.46,1124.12,1.2126,1.2119,,15:45:00
510,SFP_BJ,2026-03-08,16:10,7.5,88.0,7.02,101.0,"TSS, Nuts, DOC, Alk",6.0,25,1.0984,1.231,87.44,1131.04,1.2338,1.2334,,16:10:00
511,BJ_Cr,2026-03-08,16:40,4.7,51.0,7.37,58.85,"TSS, Nuts, Alk",1.0,2,1.0982,1.2308,88.39,1117.64,1.2321,1.2306,DOC bottle leaked during transport,16:40:00
512,SFP_DW,2026-03-08,17:35,6.7,87.0,6.83,99.27,"TSS, Nuts, DOC, Alk",18.0,R21,1.108,1.2397,87.84,1116.28,1.2424,1.242,,17:35:00
513,SFP_Alder_Cr,2026-03-08,18:25,6.5,86.0,7.15,97.88,"TSS, Nuts, DOC, Alk",9.0,28,1.1087,1.2404,88.33,1138.94,1.2436,1.2427,,18:25:00
514,HP,2026-04-11,12:45,4.6,74.0,6.87,82.14,"TSS, Nuts, DOC, Alk",4.0,29,1.1165,1.2493,87.89,1136.69,1.5245,1.4969,,12:45:00
515,Avalanche_Cr,2026-04-11,13:03,5.7,81.5,6.97,84.6,"TSS, Nuts, DOC, Alk",10.0,FC14,1.0814,1.2143,87.56,1100.03,1.7847,1.7527,,13:03:00
516,SFP_Wapiti,2026-04-11,13:40,6.8,52.1,7.42,55.49,"TSS, Nuts, DOC, Alk",3.0,FC20,1.1177,1.2507,88.19,1113.59,1.3184,1.3121,,13:40:00
517,Bear_Cr,2026-04-11,13:50,7.0,70.5,7.02,72.15,"TSS, Nuts, DOC, Alk",2.0,16,1.0959,1.2281,89.58,1146.36,1.2586,1.2559,,13:50:00
518,SH_Cr,2026-04-11,14:05,6.9,51.7,7.3,53.22,"TSS, Nuts, DOC, Alk",7.0,6,1.1038,1.2356,88.99,1133.58,1.2962,1.289,,14:05:00
519,Camp_Cr,2026-04-11,14:10,6.8,67.5,6.8,67.36,"TSS, Nuts, DOC, Alk",6.0,33,1.107,1.2388,87.44,1014.6,1.281,1.2764,,14:10:00
520,Canyon_Cr_SFP,2026-04-11,14:30,6.1,84.5,7.72,92.65,"TSS, Nuts, DOC, Alk",11.0,55,1.0944,1.2252,88.87,1077.76,1.5036,1.4796,,14:30:00
521,SFP_Canyon_Cr,2026-04-11,14:40,7.1,52.4,7.4,53.81,"TSS, Nuts, DOC, Alk",1.0,7,1.0825,1.2129,88.38,1165.6,1.2906,1.2827,,14:40:00
522,Fox_Cr,2026-04-11,14:55,7.7,119.8,6.92,126.5,"TSS, Nuts, DOC, Alk",9.0,51,1.0624,1.1953,88.34,1124.04,1.2249,1.2189,,14:55:00
523,SFP_Wolf_Cr,2026-04-11,15:15,7.7,61.1,7.0,68.29,"TSS, Nuts, DOC, Alk",19.0,23,1.1024,1.2356,87.46,1153.4,1.3803,1.3635,,15:15:00
524,SFP_Chap,2026-04-11,15:40,7.6,63.6,7.24,65.81,"TSS, Nuts, DOC, Alk",17.0,32,1.0786,1.2103,88.72,1158.18,1.3247,1.3141,,15:40:00
525,Warm_Sp,2026-04-11,16:00,7.9,74.8,6.99,78.61,"TSS, Nuts, DOC, Alk",14.0,1,1.0848,1.217,88.5,1138.09,1.4366,1.4272,,16:00:00
526,SFP_BJ,2026-04-11,16:15,7.8,67.8,6.97,69.84,"TSS, Nuts, DOC, Alk",12.0,39,1.1014,1.2348,87.87,1122.36,1.4093,1.395,,16:15:00
527,BJ_Cr,2026-04-11,16:20,6.7,51.2,6.92,52.94,"TSS, Nuts, DOC, Alk",20.0,34,1.0652,1.1972,88.27,1122.96,1.2001,1.1979,,16:20:00
528,SFP_DW,2026-04-11,17:10,8.3,66.6,6.91,68.06,"TSS, Nuts, DOC, Alk",13.0,37,1.0808,1.2144,88.34,1133.67,1.3378,1.3242,1 of 2 SFP_DW samples collected from this site to compare AM and PM. Site name is SFP_DW_PM in field book,17:10:00
529,SFP_Alder_Cr,2026-04-11,17:45,9.0,64.2,6.95,66.87,"TSS, Nuts, DOC, Alk",15.0,40,1.1063,1.2384,87.97,1128.68,1.342,1.3284,1 of 2 SFP_Alder samples collected from this site to compare AM and PM. Site name is SFP_Alder_PM in field book,17:45:00
530,SFP_Alder_Cr_AM,2026-04-11,11:00,9.3,64.9,7.13,68.31,TSS,18.0,27,1.1008,1.2342,87.83,1148.56,1.3014,1.2933,2 of 2 SFP_Alder samples collected to compare AM and PM. Site name is SFP_Alder_AM in field book,11:00:00
531,SFP_DW_AM,2026-04-11,11:45,7.5,67.4,7.14,70.58,TSS,8.0,17,1.0917,1.2229,88.51,1153.49,1.3333,1.3199,2 of 2 SFP_DW samples collected compare AM and PM. Site name is SFP_DW_AM in field book,11:45:00
532,HP,2026-05-11,12:30,7.8,59.7,6.99,61.99,"TSS, Nuts, DOC, Alk",13.0,FC19,1.0684,1.2008,88.34,1147.86,1.3904,1.3747,lab ec constant 0.911/cm,12:30:00
533,Avalanche_Cr,2026-05-11,12:50,9.7,64.7,7.12,67.96,"TSS, Nuts, DOC, Alk",2.0,68,1.0941,1.2286,89.61,1096.01,1.5087,1.4974,,12:50:00
534,GO_Cr,2026-05-11,13:05,11.1,58.1,6.87,61.93,"TSS, Nuts, DOC, Alk",11.0,20,1.0617,1.1955,88.85,1089.65,1.4523,1.4307,,13:05:00
535,SFP_Wapiti,2026-05-11,13:40,9.2,34.5,7.0,36.33,"TSS, Nuts, DOC, Alk",6.0,FC10,1.107,1.2397,87.45,1142.85,1.2848,1.281,,13:40:00
536,Bear_Cr,2026-05-11,13:50,12.1,46.6,6.89,54.13,"TSS, Nuts, DOC, Alk",3.0,18,1.1113,1.2436,88.19,1129.71,1.3347,1.3293,,13:50:00
537,SH_Cr,2026-05-11,14:05,13.9,39.3,6.91,45.16,"TSS, Nuts, DOC, Alk",8.0,5,1.089,1.2219,88.53,1074.72,1.4934,1.4806,,14:05:00
538,Camp_Cr,2026-05-11,14:15,13.3,61.9,6.9,65.47,"TSS, Nuts, DOC, Alk",1.0,FC11,1.0788,1.2125,88.39,1133.81,1.227,1.2246,,14:15:00
539,Canyon_Cr_SFP,2026-05-11,14:30,10.7,65.8,6.86,68.93,"TSS, Nuts, DOC, Alk",10.0,9,1.0637,1.196,87.56,1084.02,1.5002,1.486,,14:30:00
540,SFP_Canyon_Cr,2026-05-11,14:35,10.2,27.0,7.06,37.87,"TSS, Nuts, DOC, Alk",7.0,11,1.0857,1.2191,88.99,1139.21,1.2829,1.2788,,14:35:00
541,Fox_Cr,2026-05-11,14:55,15.0,126.2,6.73,129.9,"TSS, Nuts, DOC, Alk",4.0,13,1.0646,1.1983,87.89,1120.47,1.2119,1.2094,,14:55:00
542,SFP_Wolf_Cr,2026-05-11,15:10,11.0,44.8,6.75,46.64,"TSS, Nuts, DOC, Alk",9.0,53,1.0854,1.2179,88.33,1159.34,1.3328,1.3247,,15:10:00
543,SFP_Chap,2026-05-11,15:35,11.2,44.2,7.15,46.49,"TSS, Nuts, DOC, Alk",12.0,FC4,1.0588,1.1917,87.87,1132.07,1.2846,1.2769,,15:35:00
544,Warm_Sp,2026-05-11,15:50,11.7,54.4,7.79,57.3,"TSS, Nuts, DOC, Alk",15.0,48,1.0991,1.2317,87.97,1139.53,1.524,1.5176,,15:50:00
545,SFP_BJ,2026-05-11,16:00,11.5,47.6,7.06,50.53,"TSS, Nuts, DOC, Alk",16.0,46,1.101,1.2336,88.45,1143.06,1.3712,1.3632,,16:00:00
546,BJ_Cr,2026-05-11,16:20,10.6,47.9,7.08,50.28,"TSS, Nuts, DOC, Alk",17.0,12,1.0663,1.2,88.72,1067.11,1.2027,1.2009,,16:20:00
547,SFP_DW,2026-05-11,17:40,11.5,48.5,9.26,45.96,"TSS, Nuts, DOC, Alk",14.0,44,1.0917,1.2252,88.51,1137.62,1.3338,1.3266,,17:40:00
548,SFP_Alder_Cr,2026-05-11,18:20,11.1,49.9,7.15,53.0,"TSS, Nuts, DOC, Alk",18.0,36,1.0802,1.2127,87.83,1129.44,1.3106,1.304,,18:20:00
549,SFP_Wapiti,2026-06-13,06:45,7.7,39.8,9.29,41.75,"TSS, Nuts, DOC, Alk",12.0,1,1.0764,1.2094,87.87,1157.55,1.2149,1.2139,lab ec constant 0.917/cm,06:45:00
550,Bear_Cr,2026-06-13,06:55,6.6,67.7,7.92,71.39,"TSS, Nuts, DOC, Alk",9.0,HZ,1.0696,1.2027,88.33,1142.73,1.2096,1.2088,,06:55:00
551,SH_Cr,2026-06-13,07:10,6.6,50.7,6.73,53.83,"TSS, Nuts, DOC, Alk",10.0,38,1.0985,1.2306,87.56,1118.04,1.2342,1.2329,,07:10:00
552,Camp_Cr,2026-06-13,07:20,6.4,60.4,6.77,63.89,"TSS, Nuts, DOC, Alk",7.0,45,1.1011,1.2331,88.99,1084.82,1.242,1.2408,,07:20:00
553,Canyon_Cr_SFP,2026-06-13,07:50,6.4,81.4,6.82,85.43,"TSS, Nuts, DOC, Alk",11.0,FC16,1.0711,1.204,88.85,1122.14,1.2216,1.2198,,07:50:00
554,SFP_Canyon_Cr,2026-06-13,08:00,7.6,42.0,7.2,44.92,"TSS, Nuts, DOC, Alk",8.0,FC17,1.0895,1.2224,88.53,1130.53,1.2276,1.2265,,08:00:00
555,Fox_Cr,2026-06-13,08:25,8.0,161.9,7.11,172.7,"TSS, Nuts, DOC, Alk",1.0,14,1.0769,1.21,88.39,1073.72,1.2147,1.2131,,08:25:00
556,SFP_Wolf_Cr,2026-06-13,08:35,7.6,52.0,7.29,55.46,"TSS, Nuts, DOC, Alk",6.0,49,1.0884,1.2195,87.45,1112.98,1.2271,1.2257,,08:35:00
557,HP,2026-06-13,09:10,5.8,72.7,7.12,76.09,"TSS, Nuts, DOC, Alk",13.0,2,1.0979,1.2308,88.34,1085.25,1.2333,1.2326,,09:10:00
558,Avalanche_Cr,2026-06-13,09:25,6.9,93.3,7.0,97.93,"TSS, Nuts, DOC, Alk",17.0,25,1.0984,1.2317,88.72,1136.42,1.2331,1.2323,,09:25:00
559,GO_Cr,2026-06-13,09:45,9.2,104.7,7.19,110.1,"TSS, Nuts, DOC, Alk",3.0,4,1.105,1.2388,88.19,989.96,1.2406,1.2396,,09:45:00
560,SFP_Chap,2026-06-13,10:15,8.3,50.8,6.62,53.84,"TSS, Nuts, DOC, Alk",18.0,FC12,1.0885,1.2218,87.83,1133.33,1.2278,1.2265,,10:15:00
561,Warm_Sp,2026-06-13,10:30,8.8,71.5,6.75,87.97,"TSS, Nuts, DOC, Alk",2.0,FC13,1.0698,1.2018,89.61,1139.92,1.2057,1.2053,,10:30:00
562,SFP_BJ,2026-06-13,10:40,8.7,58.4,7.41,61.88,"TSS, Nuts, DOC, Alk",14.0,47,1.0969,1.23,88.51,1116.7,1.238,1.237,,10:40:00
563,BJ_Cr,2026-06-13,11:00,7.0,48.9,7.22,51.67,"TSS, Nuts, DOC, Alk",4.0,8,1.1073,1.2399,87.89,1102.14,1.242,1.24,,11:00:00
564,SFP_DW,2026-06-13,11:30,10.8,63.8,7.52,67.44,"TSS, Nuts, DOC, Alk",15.0,R21,1.1079,1.241,87.97,1140.07,1.2508,1.2495,,11:30:00
565,SFP_Alder_Cr,2026-06-13,12:05,13.3,64.5,7.18,68.01,"TSS, Nuts, DOC, Alk",16.0,31,1.0946,1.2273,88.45,1136.51,1.2391,1.2375,,12:05:00
566,SFP_Wapiti,2026-07-10,08:10,10.1,41.9,7.48,51.34,"TSS, Nuts, DOC, Alk",12.0,RC15,1.1023,1.2354,87.88,1090.31,1.2379,1.2364,lab ec constant 0.947/cm,08:10:00
567,Bear_Cr,2026-07-10,08:20,9.4,78.6,7.29,84.71,"TSS, Nuts, DOC, Alk",19.0,32,1.079,1.1959,87.47,1070.79,1.1984,1.198,Whatman GF/F 934-AH used for TSS,08:20:00
568,SH_Cr,2026-07-10,08:35,10.9,55.3,7.26,60.33,"TSS, Nuts, DOC, Alk",8.0,41,1.0622,1.1952,88.54,1073.92,1.1985,1.1975,,08:35:00
569,Camp_Cr,2026-07-10,08:45,9.2,64.6,7.48,69.85,"TSS, Nuts, DOC, Alk",11.0,RC8,1.073,1.2062,88.86,1102.53,1.212,1.2105,,08:45:00
570,Canyon_Cr_SFP,2026-07-10,09:00,8.5,84.5,7.08,97.83,"TSS, Nuts, DOC, Alk",16.0,FC9,1.0899,1.2231,88.47,1131.77,1.2334,1.2315,,09:00:00
571,SFP_Canyon_Cr,2026-07-10,09:05,10.5,49.0,7.54,53.3,"TSS, Nuts, DOC, Alk",6.0,FC15,1.1078,1.2419,87.46,1138.26,1.2449,1.2439,,09:05:00
572,Fox_Cr,2026-07-10,09:25,11.3,178.3,7.24,192.1,"TSS, Nuts, DOC, Alk",2.0,FC29,0.9507,1.0847,89.62,1097.08,1.0885,1.0873,,09:25:00
573,SFP_Wolf_Cr,2026-07-10,09:40,10.7,59.7,7.45,64.87,"TSS, Nuts, DOC, Alk",20.0,FC18,1.0528,1.1851,88.29,1140.23,1.189,1.1883,,09:40:00
574,HP,2026-07-10,10:15,8.5,80.4,7.37,86.55,"TSS, Nuts, DOC, Alk",15.0,59,1.0921,1.2242,87.99,1126.26,1.2276,1.2264,,10:15:00
575,Avalanche_Cr,2026-07-10,10:35,10.4,105.8,7.43,115.5,"TSS, Nuts, DOC, Alk",4.0,4,1.082,1.2142,87.91,1117.66,1.2158,1.2151,,10:35:00
576,GO_Cr,2026-07-10,10:55,13.7,117.9,6.91,127.9,"TSS, Nuts, DOC, Alk",1.0,FC27,1.1118,1.2441,88.4,1074.02,1.2464,1.2452,,10:55:00
577,SFP_Chap,2026-07-10,11:20,11.7,55.2,7.54,64.03,"TSS, Nuts, DOC, Alk",3.0,43,1.0964,1.2288,88.21,1110.36,1.2333,1.2321,,11:20:00
578,Warm_Sp,2026-07-10,11:35,12.6,87.4,7.36,103.7,"TSS, Nuts, DOC, Alk",9.0,10,1.0823,1.215,88.36,1142.65,1.221,1.2202,,11:35:00
579,SFP_BJ,2026-07-10,11:45,12.2,66.9,7.49,72.38,"TSS, Nuts, DOC, Alk",7.0,58,1.0832,1.216,89.02,1126.49,1.2221,1.2209,,11:45:00
580,BJ_Cr,2026-07-10,12:00,9.0,50.2,7.58,54.5,"TSS, Nuts, DOC, Alk",10.0,7,1.0829,1.2,87.57,1008.27,1.2014,1.2002,Whatman GF/F 934-AH used for TSS,12:00:00
581,SFP_DW,2026-07-10,12:35,15.6,73.0,7.21,78.21,"TSS, Nuts, DOC, Alk",18.0,FC26,1.0796,1.212,87.85,1120.9,1.2176,1.2158,,12:35:00
582,SFP_Alder_Cr,2026-07-10,13:10,17.3,69.8,7.19,75.18,"TSS, Nuts, DOC, Alk",14.0,28,1.1083,1.2417,88.52,1136.94,1.2797,1.2755,,13:10:00
583,SFP_Wapiti,2026-07-31,08:50,11.4,46.1,6.85,66.04,"TSS, Nuts, Alk",15.0,HZ,1.07,1.1874,87.95,1124.17,1.3474,1.3412,non-regular sampling following 07/22 debris flows. Whatman GF/F 934-AH used for DOC/TSS. lab EC cell 0.913/cm,08:50:00
584,Bear_Cr,2026-07-31,09:00,10.6,88.6,7.15,92.61,"TSS, Nuts, Alk",12.0,FC20,1.1183,1.2352,87.89,1111.53,1.3253,1.3233,Whatman GF/F 934-AH used for TSS,09:00:00
585,SH_Cr,2026-07-31,09:40,12.5,54.9,6.92,60.65,"TSS, Nuts, DOC, Alk",17.0,FC14,1.0819,1.1995,88.33,1081.08,1.2013,1.2005,Whatman GF/F 934-AH used for DOC/TSS,09:40:00
586,Camp_Cr,2026-07-31,09:55,10.6,67.1,6.97,70.39,"TSS, Nuts, DOC, Alk",4.0,27,1.1011,1.2195,87.91,1112.95,1.2223,1.2216,Whatman GF/F 934-AH used for DOC/TSS,09:55:00
587,Canyon_Cr_SFP,2026-07-31,10:10,9.6,98.1,5.9,102.9,"TSS, Nuts, DOC, Alk",1.0,47,1.0971,1.2147,88.38,1128.62,1.3356,1.3293,Whatman GF/F 934-AH used for DOC/TSS,10:10:00
588,SFP_Canyon_Cr,2026-07-31,10:15,12.3,66.0,6.9,69.41,"TSS, Nuts, Alk",8.0,34,1.0656,1.1827,88.53,1116.02,2.0069,1.9983,Whatman GF/F 934-AH used for TSS,10:15:00
589,Fox_Cr,2026-07-31,10:30,13.2,186.2,6.4,194.8,"TSS, Nuts, Alk",9.0,37,1.0813,1.1982,88.35,1092.37,1.1996,1.199,Whatman GF/F 934-AH used for TSS,10:30:00
590,SFP_Wolf_Cr,2026-07-31,10:40,12.5,76.2,6.7,80.94,"TSS, Nuts, DOC, Alk",6.0,6,1.1045,1.2221,87.43,1126.54,1.6601,1.652,Whatman GF/F 934-AH used for DOC/TSS,10:40:00
591,HP,2026-07-31,11:10,11.0,90.1,6.18,94.8,"TSS, Nuts, Alk",18.0,51,1.0628,1.1792,87.84,1132.66,1.3256,1.3218,Whatman GF/F 934-AH used for TSS,11:10:00
592,Avalanche_Cr,2026-07-31,11:30,12.6,114.7,6.83,120.0,"TSS, Nuts, Alk",20.0,16,1.0968,1.2136,88.27,1140.21,1.2139,1.2137,Whatman GF/F 934-AH used for TSS,11:30:00
593,GO_Cr,2026-07-31,11:45,15.4,124.0,7.02,130.4,"TSS, Nuts, Alk",13.0,17,1.092,1.2084,88.71,1069.7,1.2104,1.2098,Whatman GF/F 934-AH used for TSS,11:45:00
594,SFP_Chap,2026-07-31,12:05,13.9,61.3,7.11,79.13,"TSS, Nuts, Alk",19.0,23,1.1028,1.2193,87.45,1107.85,1.4712,1.4635,Whatman GF/F 934-AH used for TSS,12:05:00
595,Warm_Sp,2026-07-31,12:20,14.8,105.0,6.74,109.0,"TSS, Nuts, Alk",16.0,39,1.1017,1.2184,88.44,1098.37,1.2198,1.2196,Whatman GF/F 934-AH used for TSS,12:20:00
596,SFP_BJ,2026-07-31,12:30,14.2,83.7,6.81,87.37,"TSS, Nuts, Alk",10.0,29,1.1171,1.2347,87.53,1106.06,2.5702,2.5598,Whatman GF/F 934-AH used for TSS,12:30:00
597,BJ_Cr,2026-07-31,13:00,10.8,50.3,7.21,53.6,"TSS, Nuts, DOC, Alk",7.0,1,1.0848,1.2008,88.99,1089.76,1.2033,1.2018,Whatman GF/F 934-AH used for DOC/TSS,13:00:00
598,SFP_DW,2026-07-31,13:35,18.0,88.9,7.0,92.43,"TSS, Nuts, DOC,Alk",11.0,55,1.0942,1.2101,88.86,1119.81,1.3147,1.3078,Whatman GF/F 934-AH used for DOC/TSS,13:35:00
599,SFP_Alder_Cr,2026-07-31,14:05,14.8,63.0,7.19,66.43,"TSS, Nuts, Alk",14.0,33,1.1068,1.2232,88.53,1108.81,1.2699,1.266,Whatman GF/F 934-AH used for TSS,14:05:00
600,SFP_Wapiti,2026-08-06,07:50,10.2,66.1,7.44,70.1,"TSS, Nuts, Alk",7.0,25,1.0984,1.2248,89.01,1074.28,1.3017,1.3002,duplicate TSS bottle labled site 7. lab EC cell 0.913/cm,07:50:00
601,Bear_Cr,2026-08-06,08:05,8.7,87.5,7.42,95.3,"TSS, Nuts, Alk",18.0,FC12,1.0886,1.2146,87.84,1130.7,1.2367,1.2355,duplicate TSS bottle labled site 18,08:05:00
602,SH_Cr,2026-08-06,08:20,10.6,58.1,7.35,61.72,"TSS, Nuts, Alk",13.0,FC17,1.0896,1.2162,88.73,1100.74,1.2174,1.217,duplicate TSS bottle labled site 13,08:20:00
603,Camp_Cr,2026-08-06,08:30,9.2,67.8,7.31,71.39,"TSS, Nuts, Alk",10.0,FC26,1.0796,1.2072,87.53,1112.36,1.2102,1.2093,no duplicate TSS,08:30:00
604,Canyon_Cr_SFP,2026-08-06,08:45,8.2,93.0,7.33,106.9,"TSS, Nuts, Alk",6.0,2,1.0979,1.2243,87.45,1060.33,1.2941,1.2907,duplicate TSS bottle labeled site 6,08:45:00
605,SFP_Canyon_Cr,2026-08-06,08:50,10.1,67.8,7.14,75.31,"TSS, Nuts, Alk",2.0,38,1.0985,1.2257,89.61,1137.21,1.4605,1.4571,duplicate TSS bottle labeled site 2,08:50:00
606,Fox_Cr,2026-08-06,09:10,11.1,180.1,7.35,196.2,"TSS, Nuts, Alk",17.0,RC8,1.0725,1.1983,88.33,1099.74,1.1994,1.1986,no duplicate TSS,09:10:00
607,SFP_Wolf_Cr,2026-08-06,09:20,10.1,80.1,7.04,85.49,"TSS, Nuts, Alk",1.0,32,1.0791,1.2056,88.34,1136.23,1.386,1.3829,no duplicate TSS,09:20:00
608,HP,2026-08-06,09:50,8.2,92.4,7.11,96.88,"TSS, Nuts, Alk",11.0,41,1.0625,1.1886,88.87,1133.05,1.2093,1.2081,no duplicate TSS,09:50:00
609,Avalanche_Cr,2026-08-06,10:05,10.2,116.6,6.84,122.9,"TSS, Nuts, Alk",4.0,4,1.0826,1.2096,87.9,1104.4,1.2106,1.2099,no duplicate TSS,10:05:00
610,GO_Cr,2026-08-06,10:20,12.2,125.6,6.92,131.4,"TSS, Nuts, Alk",16.0,58,1.0835,1.209,88.44,1095.88,1.2101,1.2095,no duplicate TSS,10:20:00
611,SFP_Chap,2026-08-06,10:40,10.9,79.8,6.84,84.86,"TSS, Nuts, Alk",9.0,43,1.0968,1.2247,88.36,1137.59,1.3837,1.3799,no duplicate TSS,10:40:00
612,Warm_Sp,2026-08-06,11:00,12.0,107.3,7.53,114.9,"TSS, Nuts, Alk",3.0,31,1.0947,1.2208,88.21,1139.28,1.2217,1.2216,duplicate TSS bottle labeled site 12,11:00:00
613,SFP_BJ,2026-08-06,11:10,11.2,87.3,7.07,93.65,"TSS, Nuts, Alk",19.0,FC16,1.108,1.2329,87.47,1135.19,1.7347,1.7291,no duplicate TSS,11:10:00
614,BJ_Cr,2026-08-06,11:25,8.8,51.4,8.91,56.12,"TSS, Nuts, Alk",8.0,FC9,1.0901,1.2168,88.55,1083.6,1.2182,1.2163,no duplicate TSS,11:25:00
615,SFP_DW,2026-08-06,12:05,14.9,91.1,7.15,96.99,"TSS, Nuts, Alk",15.0,FC27,1.1117,1.2377,87.98,1116.23,1.2803,1.2748,no duplicate TSS,12:05:00
616,SFP_Alder_Cr,2026-08-06,12:40,12.9,61.7,7.24,66.86,"TSS, Nuts, Alk",20.0,49,1.0883,1.2156,88.28,1136.24,1.2362,1.2341,duplicate TSS bottle labeled site 14,12:40:00
