sample_num,site,TOC_conc,NPOC_conc
5.0,SFP_Alder_Cr,6.568426,1.152304
6.0,SFP_DW,7.282662,2.147037
9.0,Warm_Sp,5.274083,0.669608
11.0,Chapman_cr,4.772777,0.603382
12.0,SFP_Wolf_Cr,4.149077,0.707164
14.0,Canyon_Cr_SFP,5.366297,0.657369
15.0,SFP_Canyon_Cr,3.28227,0.766851
16.0,SH_Cr,5.279113,1.736938
18.0,Camp_Cr,4.415658,1.025217
20.0,SFP_DW,7.011052,1.53038
26.0,Canyon_Cr_SFP,8.587065,3.06079
27.0,SFP_Canyon_Cr,7.56098,0.473109
31.0,Avalanche_Cr,13.704081,0.784456
34.0,SFP_Wapiti,2.444971,0.63507
35.0,Camp_Cr,6.481243,0.780935
36.0,SH_Cr,5.294202,1.174603
37.0,HP,8.761433,0.813796
38.0,Avalanche_Cr,12.396324,0.909866
39.0,Canyon_cr_avalanche (HP_old),3.317479,0.79921
40.0,GO_Cr,15.959122,0.719403
41.0,Fox_Cr,4.96391,1.625443
42.0,SFP_Wolf_Cr,7.621338,0.580412
43.0,Canyon_Cr_SFP,10.319004,0.84146
44.0,SFP_Canyon_Cr,5.983289,0.652339
45.0,SFP_Chap,5.299232,0.635405
46.0,chapman_cr,9.135317,0.432535
47.0,Warm_Sp,8.974362,0.506474
48.0,SFP_BJ,8.499882,0.491552
49.0,BJ_Cr,4.336858,0.653512
50.0,SFP_DW,6.699202,0.621992
51.0,SFP_Alder_Cr,10.374332,0.529611
52.0,SFP_DW,9.650036,0.297233
53.0,BJ_Cr,5.973229,0.395147
54.0,SFP_BJ,8.305395,0.357758
55.0,Warm_Sp,10.729774,0.249282
56.0,SFP_Chap,9.096755,0.467409
57.0,HP,9.886438,0.395985
58.0,Avalanche_Cr,13.742642,0.428847
59.0,GO_Cr,15.41087,0.474786
60.0,Fox_Cr,21.429901,0.677488
61.0,SFP_Wolf_Cr,8.585388,0.300251
62.0,Canyon_Cr_SFP,11.224373,0.400512
63.0,SFP_Canyon_Cr,7.485532,0.402859
64.0,Camp_Cr,8.73293,0.418955
65.0,SH_Cr,9.108492,0.748576
66.0,SFP_Wapiti,6.819918,0.462379
67.0,Wapiti_Cr,9.287889,0.392967
68.0,SFP_Alder_Cr,10.905817,2.056165
69.0,SFP_DW,10.114458,1.013648
70.0,BJ_Cr,7.15524,1.201429
71.0,SFP_BJ,9.375072,0.656027
72.0,Warm_Sp,11.682089,0.680171
73.0,SFP_Chap,8.722871,0.898298
74.0,HP,9.896498,0.546377
75.0,Avalanche_Cr,14.743578,0.813126
76.0,GO_Cr,15.578531,1.022199
77.0,Fox_Cr,20.207653,1.531386
78.0,SFP_Wolf_Cr,8.72287,0.974248
79.0,Canyon_Cr_SFP,11.112041,0.558113
80.0,SFP_Canyon_Cr,7.487209,0.970895
81.0,Camp_Cr,12.164358,0.987638
82.0,SH_Cr,11.501588,1.561752
83.0,SFP_Alder_Cr,14.58304,1.183241
84.0,SFP_DW,13.485596,0.460219
85.0,BJ_Cr,7.895083,0.56028
86.0,SFP_BJ,11.921199,0.677771
87.0,Warm_Sp,14.813288,0.782567
88.0,SFP_Chap,10.703251,0.465814
89.0,HP,12.280558,2.108323
90.0,Avalanche_Cr,18.525234,0.842173
91.0,GO_Cr,20.083174,1.066826
92.0,Fox_Cr,25.774822,1.129876
93.0,SFP_Wolf_Cr,10.948562,0.450536
94.0,Canyon_Cr_SFP,14.5357,0.831414
95.0,SFP_Canyon_Cr,9.343281,0.634734
96.0,Camp_Cr,12.299925,0.951487
97.0,SH_Cr,9.672514,1.035625
98.0,SFP_Alder_Cr,13.85141,0.623545
99.0,SFP_DW,13.59534,0.824528
100.0,BJ_Cr,7.951032,0.78601
101.0,SFP_BJ,12.547388,0.721884
102.0,Warm_Sp,14.804682,0.718657
103.0,SFP_Chap,11.198176,0.399967
104.0,HP,13.0832,0.865628
105.0,Avalanche_Cr,20.487722,2.054311
107.0,Fox_Cr,28.440968,2.411519
108.0,SFP_Wolf_Cr,13.268259,1.558094
109.0,Canyon_Cr_SFP,15.551373,1.161077
110.0,SFP_Canyon_Cr,11.191721,1.75047
111.0,Camp_Cr,12.919659,1.460615
112.0,SH_Cr,10.875399,1.740141
113.0,SFP_Alder_Cr,15.572892,2.607337
114.0,SFP_DW,14.81544,2.471555
115.0,BJ_Cr,9.304546,1.672788
116.0,SFP_BJ,13.399522,2.077766
117.0,Warm_Sp,16.859699,1.998793
118.0,SFP_Chap,12.822825,2.165562
122.0,Fox_Cr,27.481243,2.51158
123.0,SFP_Wolf_Cr,12.246128,1.682041
124.0,Canyon_Cr_SFP,16.980204,2.074539
125.0,SFP_Canyon_Cr,10.279336,2.009337
126.0,Camp_Cr,13.855715,2.184068
127.0,SH_Cr,10.838818,2.873737
128.0,SFP_Wapiti,9.317458,1.431565
129.0,SFP_Alder_Cr,15.641751,3.483572
130.0,SFP_DW,16.338951,3.333372
131.0,BJ_Cr,9.149613,1.673649
132.0,SFP_BJ,14.167732,2.520187
133.0,Warm_Sp,15.57074,0.990005
135.0,HP,13.866474,1.351732
136.0,Avalanche_Cr,19.704449,2.583882
137.0,GO_Cr,19.2418,1.206697
138.0,Fox_Cr,22.652485,2.949266
139.0,SFP_Wolf_Cr,14.0128,2.348039
140.0,Canyon_Cr_SFP,15.467451,1.266733
141.0,SFP_Canyon_Cr,10.804388,1.914011
142.0,Camp_Cr,13.517874,2.147056
143.0,SH_Cr,9.011895,2.958519
144.0,SFP_Alder_Cr,13.989129,2.504694
145.0,SFP_DW,15.932251,2.892027
146.0,BJ_Cr,11.258429,2.704171
147.0,SFP_BJ,13.535088,1.22219
148.0,Warm_Sp,17.072735,1.927567
149.0,SFP_Chap,12.009425,1.223051
150.0,Fox_Cr,24.068405,2.988861
151.0,SFP_Wolf_Cr,13.283321,1.889695
152.0,Canyon_Cr_SFP,16.70907,2.144474
153.0,SFP_Canyon_Cr,9.963014,0.807313
154.0,Camp_Cr,13.175729,1.643523
155.0,SH_Cr,8.730002,1.339036
156.0,SFP_Alder_Cr,12.966999,3.027379
157.0,SFP_DW,13.864322,3.025012
158.0,BJ_Cr,11.863098,3.454091
159.0,SFP_BJ,12.188028,1.541525
160.0,Warm_Sp,15.572892,1.681395
161.0,SFP_Chap,10.948562,1.293416
162.0,Fox_Cr,17.47513,2.676627
163.0,SFP_Wolf_Cr,13.369395,3.235248
164.0,Canyon_Cr_SFP,14.21077,1.616194
165.0,SFP_Canyon_Cr,9.616566,1.45459
166.0,Camp_Cr,12.551691,2.405709
167.0,SH_Cr,7.737998,1.670206
168.0,Nutcracker_cr,17.483736,4.449968
169.0,SFP_Alder_Cr,12.809914,4.404779
170.0,SFP_DW,13.113325,4.172379
171.0,BJ_Cr,11.617788,4.383261
172.0,SFP_BJ,13.106869,4.159468
173.0,Warm_Sp,15.581499,3.309056
174.0,SFP_Chap,12.383847,3.949663
175.0,Fox_Cr,15.899973,4.089318
176.0,SFP_Wolf_Cr,11.770569,3.978067
177.0,Canyon_Cr_SFP,13.397369,3.102694
178.0,SFP_Canyon_Cr,11.286403,4.359591
179.0,Camp_Cr,10.221236,2.97595
180.0,SH_Cr,7.94888,3.106352
181.0,Nutcracker_cr,18.563967,4.751227
182.0,HP,12.112714,2.828548
183.0,Avalanche_Cr,13.591036,3.288829
184.0,GO_Cr,15.45454,4.325161
185.0,SFP_Wapiti,12.106258,4.589839
186.0,Wapiti_Cr,10.74844,4.057255
187.0,SFP_Alder_Cr,9.999596,2.692981
188.0,SFP_DW,11.122862,3.45237
189.0,BJ_Cr,10.627935,4.058116
190.0,SFP_BJ,10.001747,2.092829
191.0,Warm_Sp,11.53817,1.807279
192.0,SFP_Chap,10.817299,3.891347
193.0,Fox_Cr,15.189863,4.009914
194.0,SFP_Wolf_Cr,9.848966,2.711487
195.0,Canyon_Cr_SFP,13.85141,3.85326
196.0,SFP_Canyon_Cr,8.824684,3.13368
197.0,Camp_Cr,12.45701,3.791502
198.0,SH_Cr,9.543402,4.009269
199.0,Nutcracker_cr,19.353695,3.87736
200.0,HP,10.69034,2.346102
201.0,Avalanche_Cr,14.045076,3.765464
202.0,GO_Cr,13.210158,3.428484
203.0,SFP_Wapiti,8.917213,2.998759
204.0,Wapiti_Cr,10.729073,3.174996
205.0,SFP_Alder_Cr,10.210477,4.396172
206.0,SFP_DW,11.67804,4.505917
207.0,BJ_Cr,9.323914,2.934204
208.0,SFP_BJ,8.841898,2.940013
209.0,Warm_Sp,10.866792,3.57481
210.0,SFP_Chap,8.76228,2.825105
211.0,Fox_Cr,16.420721,3.814957
212.0,SFP_Wolf_Cr,8.863417,3.179515
213.0,Canyon_Cr_SFP,10.496674,2.88385
214.0,SFP_Canyon_Cr,7.210794,3.172198
215.0,Camp_Cr,9.980228,1.973186
216.0,SH_Cr,8.560005,3.130668
217.0,HP,9.771499,3.533925
218.0,Avalanche_Cr,9.69188,2.446164
219.0,GO_Cr,10.66667,3.315942
220.0,SFP_Wapiti,10.102884,5.192357
221.0,Wapiti_Cr,12.069677,3.19135
222.0,Flat_Cr,7.742302,3.431282
223.0,Bear_Cr,9.375558,2.554832
224.0,SFP_Alder_Cr,10.541862,3.677884
225.0,SFP_DW,11.026028,4.140747
226.0,BJ_Cr,8.820379,2.575275
227.0,SFP_BJ,9.833902,3.542963
228.0,Warm_Sp,11.157291,3.305614
229.0,SFP_Chap,8.019892,2.995316
230.0,Fox_Cr,23.827396,3.456028
231.0,SFP_Wolf_Cr,7.92521,2.689968
232.0,Canyon_Cr_SFP,11.032484,2.68588
233.0,SFP_Canyon_Cr,8.077991,3.904474
234.0,Camp_Cr,10.625784,1.997072
235.0,SH_Cr,8.237228,2.067653
236.0,HP,9.024806,2.461872
237.0,Avalanche_Cr,10.59781,2.447885
238.0,GO_Cr,10.363258,2.753233
239.0,SFP_Wapiti,6.733083,3.235678
240.0,Wapiti_Cr,11.314377,2.004173
241.0,Flat_Cr,9.567073,3.636998
242.0,Bear_Cr,9.231384,2.430885
243.0,SFP_Alder_Cr,7.714328,1.118471
244.0,SFP_DW,1.597258,1.051979
245.0,BJ_Cr,6.629794,0.622899
246.0,SFP_BJ,6.244613,1.050903
247.0,Warm_Sp,9.06354,1.008726
248.0,SFP_Chap,5.403239,1.105344
249.0,Fox_Cr,22.93438,1.037992
250.0,SFP_Wolf_Cr,5.704498,1.017118
251.0,Canyon_Cr_SFP,9.539099,0.660987
252.0,SFP_Canyon_Cr,4.721102,1.522588
253.0,Camp_Cr,9.042021,0.626773
254.0,SH_Cr,7.131176,0.678632
255.0,HP,1.48321,0.99022
256.0,Avalanche_Cr,11.430576,0.619241
257.0,GO_Cr,12.254736,0.932335
258.0,SFP_Wapiti,4.45212,1.082965
259.0,Wapiti_Cr,10.253513,0.366614
260.0,Flat_Cr,7.690658,1.317732
261.0,Bear_Cr,7.946728,0.498522
262.0,SFP_Alder_Cr,8.523424,1.050257
263.0,SFP_DW,8.413679,0.740821
264.0,BJ_Cr,6.82131,0.650012
265.0,SFP_BJ,6.954724,0.809034
266.0,Warm_Sp,6.319683,0.646626
267.0,SFP_Chap,4.31121,0.573112
268.0,Fox_Cr,19.969494,1.041105
269.0,SFP_Wolf_Cr,3.691119,0.68192
270.0,Canyon_Cr_SFP,5.838039,0.492383
271.0,SFP_Canyon_Cr,2.620389,0.539377
272.0,Camp_Cr,7.107471,0.33658
273.0,SH_Cr,2.698388,0.538987
274.0,HP,5.78734,1.718331
275.0,Avalanche_Cr,5.697641,0.485753
276.0,GO_Cr,10.102631,0.809644
277.0,SFP_Wapiti,2.013167,0.648771
278.0,Wapiti_Cr,8.593351,0.33385
279.0,Flat_Cr,2.821626,1.004056
280.0,Bear_Cr,3.391408,0.408144
281.0,SFP_Alder_Cr,6.364532,1.123394
282.0,SFP_DW,2.122561,0.535672
283.0,BJ_Cr,2.817531,0.966421
284.0,SFP_BJ,4.291711,0.550102
285.0,Warm_Sp,5.695691,0.508958
286.0,SFP_Chap,1.814465,0.832068
287.0,Chapman_cr,7.495517,0.726965
288.0,Fox_Cr,27.523689,2.862575
289.0,SFP_Wolf_Cr,4.629056,0.7256
290.0,Canyon_Cr_SFP,8.6811,0.536062
291.0,SFP_Canyon_Cr,4.441858,1.860289
292.0,Camp_Cr,3.983615,2.755717
293.0,SH_Cr,6.130535,3.338174
294.0,HP,7.713913,1.719696
295.0,Avalanche_Cr,13.877779,1.224403
296.0,GO_Cr,18.534313,4.773354
297.0,SFP_Wapiti,3.466677,2.634233
298.0,Wapiti_Cr,6.990474,3.258615
299.0,Bear_Cr,9.449389,1.147184
300.0,SFP_Alder_Cr,5.551393,3.180811
301.0,SFP_DW,7.029473,2.395947
302.0,BJ_Cr,3.324914,2.535565
303.0,SFP_BJ,7.119172,3.104957
304.0,Warm_Sp,12.33535,2.051776
305.0,SFP_Chap,6.961224,1.834549
306.0,Chapman_cr,12.893042,2.403162
307.0,Fox_Cr,20.611034,3.860766
308.0,SFP_Wolf_Cr,7.047023,2.455031
309.0,Canyon_Cr_SFP,6.614129,2.236634
310.0,SFP_Canyon_Cr,2.90567,2.242289
311.0,Camp_Cr,8.146808,2.823771
312.0,SH_Cr,3.136742,2.558184
313.0,HP,10.85727,2.800956
314.0,Avalanche_Cr,3.365083,2.670308
315.0,GO_Cr,16.909986,2.940769
316.0,SFP_Wapiti,5.75809,1.807055
317.0,Wapiti_Cr,9.47279,2.059186
318.0,Bear_Cr,7.866012,0.977926
319.0,SFP_Alder_Cr,6.306033,2.556819
320.0,SFP_DW,9.973932,0.664566
321.0,BJ_Cr,1.073085,0.68972
322.0,SFP_BJ,7.497466,0.757579
323.0,Warm_Sp,9.814034,0.568237
324.0,SFP_Chap,7.329769,0.402879
325.0,Chapman_cr,12.38826,0.412072
326.0,Fox_Cr,28.365625,5.536005
327.0,SFP_Wolf_Cr,9.46545,0.404542
328.0,Canyon_Cr_SFP,12.356554,0.40692
329.0,SFP_Canyon_Cr,7.222318,0.292386
330.0,Camp_Cr,8.722363,0.629054
331.0,SH_Cr,7.432364,0.608842
332.0,HP,10.523606,0.435058
333.0,Avalanche_Cr,15.915447,0.497478
334.0,GO_Cr,19.391113,0.840288
335.0,SFP_Wapiti,6.094807,0.152883
336.0,Wapiti_Cr,10.466141,0.240865
337.0,Bear_Cr,11.227062,0.249187
338.0,SFP_Alder_Cr,11.556002,1.134947
339.0,SFP_DW,13.184849,1.916873
340.0,BJ_Cr,8.821442,1.559201
341.0,SFP_BJ,12.071209,1.520758
342.0,Warm_Sp,9.655681,2.562467
343.0,SFP_Chap,10.501809,1.556228
344.0,Chapman_cr,14.774065,1.386804
345.0,Fox_Cr,30.347191,2.944711
346.0,SFP_Wolf_Cr,10.626648,1.278016
347.0,Canyon_Cr_SFP,14.992038,2.115822
348.0,SFP_Canyon_Cr,8.367662,1.022593
349.0,Camp_Cr,10.493883,1.270486
350.0,SH_Cr,9.304943,1.634302
351.0,HP,12.423928,1.457744
352.0,Avalanche_Cr,17.7048,1.45497
353.0,GO_Cr,21.660007,2.430297
354.0,SFP_Wapiti,7.541349,1.512436
355.0,Wapiti_Cr,11.851255,1.154763
356.0,Bear_Cr,13.503881,1.519569
357.0,MainPayette_Gauge,8.831348,3.100661
358.0,SFP_Staircase,15.386369,4.82066
359.0,MFP_Crouch,12.800426,4.178633
360.0,SFP_Wapiti,8.17347,1.782919
361.0,SH_Cr,9.596233,2.284652
362.0,Canyon_Cr_SFP,17.062775,5.308125
363.0,SFP_Canyon_Cr,9.614067,2.473693
364.0,Fox_Cr,28.442905,2.517882
365.0,SFP_Wolf_Cr,13.270057,4.236098
366.0,SFP_Chap,11.159689,3.15555
367.0,Warm_Sp,14.306416,3.284748
368.0,SFP_BJ,12.463559,3.250863
369.0,BJ_Cr,8.324068,2.283463
370.0,SFP_DW,14.583835,4.396605
371.0,SFP_Alder_Cr,16.535677,7.440289
372.0,SFP_Alder_Cr,10.600887,2.156048
373.0,SFP_DW,12.019689,1.295454
374.0,BJ_Cr,8.001073,1.377887
375.0,SFP_BJ,11.538168,1.365602
376.0,Warm_Sp,12.756831,0.633611
377.0,SFP_Chap,10.365081,1.108593
378.0,Fox_Cr,28.948204,2.146537
379.0,SFP_Wolf_Cr,10.941717,1.329141
380.0,Canyon_Cr_SFP,14.312361,1.923412
381.0,SFP_Canyon_Cr,8.878906,1.330924
382.0,Camp_Cr,10.491901,0.949869
383.0,SH_Cr,9.047339,1.409989
384.0,HP,14.128075,2.799463
385.0,Avalanche_Cr,19.656643,2.650053
386.0,GO_Cr,20.601851,1.381256
387.0,SFP_Wapiti,8.872962,1.316657
388.0,Wapiti_Cr,12.089043,1.070546
389.0,Bear_Cr,13.111531,0.918362
393.0,Wapiti_Cr,11.752177,0.961362
394.0,SFP_Wapiti,7.975313,0.463196
395.0,Bear_Cr,12.768721,0.624496
396.0,SH_Cr,8.51628,0.640745
397.0,Camp_Cr,10.763376,0.720404
398.0,Canyon_Cr_SFP,14.195448,0.942537
399.0,SFP_Canyon_Cr,8.74416,0.617164
400.0,Fox_Cr,28.383459,1.374321
401.0,SFP_Wolf_Cr,10.755449,0.437634
402.0,GO_Cr,19.823093,0.994652
403.0,Avalanche_Cr,19.331665,1.008523
404.0,HP,13.244296,1.008127
405.0,SFP_Chap,10.317524,0.618155
406.0,Warm_Sp,13.182868,0.651247
407.0,SFP_BJ,11.320196,0.541865
408.0,BJ_Cr,7.119276,0.375215
409.0,SFP_DW,12.873743,1.216192
410.0,SFP_Alder_Cr,13.264112,0.76598
417.0,SFP_Wapiti,8.761994,1.154961
418.0,Bear_Cr,12.95895,0.354409
419.0,SH_Cr,9.33863,1.682058
420.0,Camp_Cr,11.484666,1.753196
421.0,Canyon_Cr_SFP,13.672315,0.35639
422.0,SFP_Canyon_Cr,8.631211,0.301303
423.0,Fox_Cr,27.156872,0.668883
424.0,SFP_Wolf_Cr,10.030196,0.065496
425.0,GO_Cr,18.965076,0.434464
426.0,Avalanche_Cr,18.255676,0.457648
427.0,HP,13.367153,1.092344
428.0,SFP_Chap,10.42651,0.396418
429.0,Warm_Sp,12.919319,0.313192
430.0,SFP_BJ,11.078445,0.133662
431.0,BJ_Cr,7.065774,0.269399
432.0,SFP_DW,12.43978,0.591404
433.0,SFP_Alder_Cr,13.105587,0.474491
434.0,Canyon_Banner,12.410057,1.57327
435.0,Canyon_Cr_DF2,13.36319,1.021007
436.0,Canyon_Cr_DF8,16.383097,1.584565
437.0,Canyon_Cr_DF5,15.21199,2.000099
438.0,Canyon_Cr_DF4,15.612267,1.181316
439.0,Canyon_Cr_slump1,16.547565,1.92262
456.0,SFP_DW,12.378352,0.347275
457.0,SFP_Wapiti,7.818769,0.129104
458.0,Bear_Cr,12.142546,0.189146
459.0,Sh_Cr,8.272547,0.408307
460.0,Camp_Cr,10.662316,1.290897
461.0,Canyon_Cr_SFP,13.731762,1.024178
462.0,SFP_Canyon_Cr,8.300289,0.665118
463.0,Fox_Cr,26.701111,1.93768
464.0,SFP_Wolf_Cr,10.666279,1.134353
467.0,Canyon_Cr_Slump1,16.101715,2.46755
468.0,Canyon_Cr_HP,13.194757,1.371546
469.0,Avalanche_Cr,18.48752,1.550482
470.0,GO_Cr,19.369316,1.030519
471.0,SFP_Chap,10.523606,0.719611
