sample_num,date,site,tin_num,tin_filter_weight,bottle_tare,bottle_full,tin_filter_sed_weight,tin_filter_sed_ashed_weight,sed_weight_mg,TSS_conc_mgL-1,susp_solids_mg,susp_sed_mg
1,2024-10-11,Warm_Sp,19,1.208,88.57,1135.0,1.208,1.205,0.0,1.04643,0.0,2.9999999999998916
2,2024-10-11,SH_Cr,26,1.214,88.54,1133.87,1.234,-9999,20.000000000000018,1.0453299999999999,20.000000000000018,-9999
3,2024-10-11,Canyon_Cr_SFP,25,1.232,87.5,1117.52,1.241,1.236,9.000000000000119,1.03002,9.000000000000119,5.0000000000001155
4,2024-10-11,BJ_Cr,21,1.213,87.43,1080.3,1.238,-9999,24.99999999999991,0.9928699999999999,24.99999999999991,-9999
5,2024-10-12,SFP_Alder_Cr,16,1.228,88.35,1159.42,1.231,1.228,3.0000000000001137,1.0710700000000002,3.0000000000001137,3.0000000000001137
6,2024-10-12,SFP_DW,20,1.195,88.49,1156.48,1.196,1.194,0.9999999999998899,1.06799,0.9999999999998899,2.0000000000000018
7,2024-10-12,SFP_BJ,-9999,-9999,-9999,-9999,-9999,-9999,-9999,-9999,-9999,-9999
8,2024-10-12,BJ_Cr,-9999,-9999,-9999,-9999,-9999,-9999,-9999,-9999,-9999,-9999
9,2024-10-12,Warm_Sp,-9999,-9999,-9999,-9999,-9999,-9999,-9999,-9999,-9999,-9999
10,2024-10-12,SFP_Chap,-9999,-9999,-9999,-9999,-9999,-9999,-9999,-9999,-9999,-9999
11,2024-10-12,Chapman_Cr,-9999,-9999,-9999,-9999,-9999,-9999,-9999,-9999,-9999,-9999
12,2024-10-12,SFP_Wolf_Cr,18,1.243,88.23,1153.16,1.244,1.243,0.9999999999998899,1.0649300000000002,0.9999999999998899,0.9999999999998899
13,2024-10-12,Fox_Cr,-9999,-9999,-9999,-9999,-9999,-9999,-9999,-9999,-9999,-9999
14,2024-10-12,Canyon_Cr_SFP,-9999,-9999,-9999,-9999,-9999,-9999,-9999,-9999,-9999,-9999
15,2024-10-12,SFP_Canyon_Cr,22,1.246,88.36,1152.62,1.249,1.248,3.0000000000001137,1.06426,3.0000000000001137,1.000000000000112
16,2024-10-12,SH_Cr,23,1.237,87.63,1147.85,1.24,1.23791,2.9999999999998916,1.0602199999999997,2.9999999999998916,2.0899999999999253
17,2024-10-13,SH_Cr,24,1.199,88.81,1141.8,1.218,-9999,18.999999999999908,1.05299,18.999999999999908,-9999
18,2024-10-13,Camp_Cr,17,1.226,88.92,1139.68,1.25,1.248,24.00000000000002,1.05076,24.00000000000002,2.0000000000000018
19,2024-10-19,SFP_Alder_Cr,1,1.21,87.36,1155.33,1.217,1.213,7.000000000000117,1.06797,7.000000000000117,4.0000000000000036
20,2024-10-19,SFP_DW,14,1.212,102.42,1123.3,1.215,1.213,3.0000000000001137,1.02088,3.0000000000001137,2.0000000000000018
21,2024-10-19,BJ_Cr,3,1.23,101.06,1082.96,1.246,1.237,16.000000000000014,0.9819000000000001,16.000000000000014,8.999999999999897
22,2024-10-19,Warm_Sp,7,1.217,100.99,1135.94,1.214,1.212,-3.0000000000001137,1.03495,-3.0000000000001137,2.0000000000000018
23,2024-10-19,SFP_Chap,10,1.212,103.19,1121.86,1.215,1.214,3.0000000000001137,1.0186699999999997,3.0000000000001137,1.000000000000112
24,2024-10-19,Fox_Cr,13,1.193,101.27,1153.79,1.194,1.192,0.9999999999998899,1.05252,0.9999999999998899,2.0000000000000018
25,2024-10-19,SFP_Wolf_Cr,9,1.193,101.2,1140.83,1.195,1.191,2.0000000000000018,1.0396299999999998,2.0000000000000018,4.0000000000000036
26,2024-10-19,Canyon_Cr_SFP,11,1.215,101.63,1141.61,1.219,1.217,4.0000000000000036,1.0399800000000001,4.0000000000000036,2.0000000000000018
27,2024-10-19,SFP_Canyon_Cr,15,1.214,103.07,1130.51,1.217,1.216,3.0000000000001137,1.0274400000000001,3.0000000000001137,1.000000000000112
28,2024-10-19,Camp_Cr,8,1.237,101.39,1113.49,1.241,1.239,4.0000000000000036,1.0121,4.0000000000000036,2.0000000000000018
29,2024-10-19,SH_Cr,12,1.196,101.43,1001.98,1.214,1.211,18.000000000000014,0.90055,18.000000000000014,2.9999999999998916
30,2024-10-19,SFP_Wapiti,2,1.27,101.07,1152.46,1.229,1.22829,-40.99999999999993,1.05139,-40.99999999999993,0.7099999999999884
31,2024-10-19,Avalanche_Cr,4,1.23,101.45,1110.23,1.24,1.237,10.000000000000009,1.00878,10.000000000000009,2.9999999999998916
32,2024-10-19,Canyon_cr_avalanche (HP_old),5,1.21,101.21,1153.17,1.223,1.22,13.000000000000123,1.05196,13.000000000000123,3.0000000000001137
33,2024-10-19,SFP_BJ,6,1.23,101.4,1143.84,1.234,1.23,4.0000000000000036,1.0424399999999998,4.0000000000000036,4.0000000000000036
34,2024-11-03,SFP_Wapiti,27,1.227,88.73,1142.95,1.2312,1.22705,4.1999999999999815,1.05422,4.1999999999999815,4.150000000000098
35,2024-11-03,Camp_Cr,28,1.232,88.33,1129.93,1.2364,1.23461,4.3999999999999595,1.0416,4.3999999999999595,1.7899999999999583
36,2024-11-03,SH_Cr,29,1.243,88.79,1120.02,1.2546,1.24751,11.599999999999833,1.03123,11.599999999999833,7.090000000000041
37,2024-11-03,HP,30,1.22,88.64,1136.18,1.224,1.22213,4.0000000000000036,1.04754,4.0000000000000036,1.8700000000000383
38,2024-11-03,Avalanche_Cr,31,1.217,87.64,1123.76,1.2695,1.26391,52.49999999999999,1.03612,52.49999999999999,5.589999999999984
39,2024-11-03,Canyon_cr_avalanche (HP_old),32,1.211,88.13,1139.86,1.2202,-9999,9.199999999999875,1.05173,9.199999999999875,-9999
40,2024-11-03,GO_Cr,33,1.237,88.55,1055.63,1.2436,1.23988,6.599999999999939,0.9670800000000002,6.599999999999939,3.7199999999999456
41,2024-11-03,Fox_Cr,34,1.197,88.55,1148.14,1.2019,1.1976,4.899999999999904,1.0595900000000003,4.899999999999904,4.2999999999999705
42,2024-11-03,SFP_Wolf_Cr,35,1.23,88.71,1136.85,1.2356,1.23254,5.600000000000049,1.0481399999999998,5.600000000000049,3.0600000000000627
43,2024-11-03,Canyon_Cr_SFP,36,1.209,87.69,1078.19,1.2155,1.21401,6.49999999999995,0.9905,6.49999999999995,1.4899999999999913
44,2024-11-03,SFP_Canyon_Cr,42,1.193,101.22,1065.01,1.1993,1.19448,6.299999999999972,0.9637899999999999,6.299999999999972,4.8200000000000465
45,2024-11-04,SFP_Chap,37,1.21,88.64,1139.5,1.2188,1.21068,8.800000000000141,1.05086,8.800000000000141,8.120000000000127
46,2024-11-04,Chapman_Cr,38,1.227,88.42,1091.96,1.236,1.22905,8.999999999999897,1.00354,8.999999999999897,6.950000000000012
47,2024-11-04,Warm_Sp,39,1.229,87.87,1120.7,1.236,1.23234,6.999999999999895,1.03283,6.999999999999895,3.6599999999999966
48,2024-11-04,SFP_BJ,40,1.237,88.01,1105.42,1.2452,1.23789,8.199999999999985,1.0174100000000001,8.199999999999985,7.31000000000015
49,2024-11-04,BJ_Cr,41,1.186,88.58,1075.83,1.1922,1.18744,6.199999999999983,0.9872499999999998,6.199999999999983,4.759999999999875
50,2024-11-04,SFP_DW,43,1.223,101.44,1091.72,1.2306,1.22174,7.599999999999829,0.9902799999999999,7.599999999999829,8.859999999999868
51,2024-11-09,SFP_Alder_Cr,44,1.214,88.07,1115.8,1.21681,1.21594,2.809999999999979,1.02773,2.809999999999979,0.8699999999999264
52,2024-11-09,SFP_DW,45,1.223,88.79,1115.61,1.22771,1.22673,4.709999999999992,1.0268199999999998,4.709999999999992,0.9799999999999809
53,2024-11-09,BJ_Cr,46,1.223,88.56,1119.97,1.22534,1.22395,2.3400000000000087,1.0314100000000002,2.3400000000000087,1.3900000000000023
54,2024-11-09,SFP_BJ,47,1.218,88.11,1121.83,1.22115,1.22053,3.149999999999986,1.03372,3.149999999999986,0.6200000000000649
55,2024-11-09,Warm_Sp,48,1.222,88.59,1122.91,1.22274,1.22237,0.7399999999999629,1.0343200000000001,0.7399999999999629,0.36999999999998145
56,2024-11-09,SFP_Chap,49,1.21,88.12,1130.0,1.21255,1.21184,2.5500000000000522,1.0418800000000001,2.5500000000000522,0.7099999999999884
57,2024-11-09,HP,50,1.21,88.73,1133.81,1.21524,1.21425,5.240000000000133,1.04508,5.240000000000133,0.9900000000000464
58,2024-11-09,Avalanche_Cr,51,1.185,88.77,1125.45,1.18642,1.18574,1.4199999999999768,1.03668,1.4199999999999768,0.6800000000000139
59,2024-11-09,GO_Cr,52,1.179,88.75,939.39,1.18053,1.17979,1.5300000000000313,0.85064,1.5300000000000313,0.740000000000185
60,2024-11-09,Fox_Cr,-9999,-9999,-9999,-9999,-9999,-9999,-9999,-9999,-9999,-9999
61,2024-11-09,SFP_Wolf_Cr,54,1.204,88.75,1143.0,1.20588,1.20511,1.8800000000001038,1.05425,1.8800000000001038,0.7700000000001594
62,2024-11-09,Canyon_Cr_SFP,55,1.218,87.69,1129.6,1.22278,1.22189,4.7800000000000065,1.04191,4.7800000000000065,0.8900000000000574
63,2024-11-09,SFP_Canyon_Cr,53,1.211,88.91,1144.09,1.2108,1.21022,-0.19999999999997797,1.0551799999999998,-0.19999999999997797,0.5800000000000249
64,2024-11-09,Camp_Cr,56,1.213,88.95,1125.12,1.21643,1.2151,3.429999999999822,1.0361699999999998,3.429999999999822,1.3299999999998313
65,2024-11-09,SH_Cr,57,1.204,88.59,1067.57,1.20766,1.20682,3.6599999999999966,0.9789799999999999,3.6599999999999966,0.8399999999999519
66,2024-11-09,SFP_Wapiti,58,1.207,88.31,1117.76,1.21005,1.20902,3.049999999999997,1.02945,3.049999999999997,1.0300000000000864
67,2024-11-09,Wapiti_Cr,59,1.213,88.08,1034.73,1.21914,1.21791,6.139999999999812,0.94665,6.139999999999812,1.2299999999998423
68,2024-11-24,SFP_Alder_Cr,4,1.22797,88.51,1143.17,1.25297,1.24823,24.99999999999991,1.0546600000000002,24.99999999999991,4.7399999999999665
69,2024-11-24,SFP_DW,22,1.23411,88.35,1137.7,1.24575,1.24357,11.639999999999873,1.0493500000000002,11.639999999999873,2.1799999999998487
70,2024-11-24,BJ_Cr,5,1.21197,88.25,1130.7,1.21413,1.21233,2.1599999999999397,1.04245,2.1599999999999397,1.8000000000000238
71,2024-11-24,SFP_BJ,13,1.18838,87.79,1108.58,1.19682,1.19571,8.440000000000003,1.0207899999999999,8.440000000000003,1.1099999999999444
72,2024-11-24,Warm_Sp,14,1.19937,88.32,1138.31,1.24092,1.23873,41.549999999999976,1.04999,41.549999999999976,2.1899999999999142
73,2024-11-24,SFP_Chap,8,1.22996,88.68,1136.98,1.23372,1.23261,3.7599999999999856,1.0483,3.7599999999999856,1.1099999999999444
74,2024-11-24,HP,3,1.23191,87.83,1128.19,1.23412,1.23288,2.2100000000000453,1.0403600000000002,2.2100000000000453,1.2400000000001299
75,2024-11-24,Avalanche_Cr,16,1.21856,88.49,1124.38,1.22548,1.22249,6.919999999999815,1.0358900000000002,6.919999999999815,2.989999999999826
76,2024-11-24,GO_Cr,25,1.22225,88.49,837.95,1.22509,1.22367,2.8399999999999537,0.74946,2.8399999999999537,1.4199999999999768
77,2024-11-24,Fox_Cr,7,1.20739,87.46,1127.14,1.20993,1.20851,2.5399999999999867,1.0396800000000002,2.5399999999999867,1.4199999999999768
78,2024-11-24,SFP_Wolf_Cr,20,1.18578,88.33,1126.42,1.18904,1.18784,3.2600000000000406,1.0380900000000002,3.2600000000000406,1.2000000000000899
79,2024-11-24,Canyon_Cr_SFP,60,1.21783,88.4,1137.76,1.22348,1.22174,5.649999999999933,1.0493599999999998,5.649999999999933,1.7399999999998528
80,2024-11-24,SFP_Canyon_Cr,11,1.20881,88.46,1137.13,1.21528,1.21436,6.469999999999976,1.04867,6.469999999999976,0.9199999999998099
81,2024-11-24,Camp_Cr,6,1.2263,87.42,1110.77,1.23685,1.23572,10.55000000000006,1.02335,10.55000000000006,1.1300000000000754
82,2024-11-24,SH_Cr,9,1.18718,887.59,1126.84,1.23012,1.22715,42.9400000000002,0.23924999999999988,42.9400000000002,2.970000000000139
83,2025-01-17,SFP_Alder_Cr,25,1.2276,88.43,1124.32,1.22865,1.22795,1.0499999999999954,1.03589,1.0499999999999954,0.6999999999999229
84,2025-01-17,SFP_DW,13,1.18881,88.36,1124.99,1.18921,1.18879,0.400000000000178,1.0366300000000002,0.400000000000178,0.42000000000008697
85,2025-01-17,BJ_Cr,9,1.189689,87.46,1034.02,1.18888,1.18744,-0.8090000000000597,0.94656,-0.8090000000000597,1.4399999999998858
86,2025-01-17,SFP_BJ,20,1.19206,88.47,1103.92,1.19452,1.19363,2.4600000000001288,1.01545,2.4600000000001288,0.8900000000000574
87,2025-01-17,Warm_Sp,46,1.23195,87.44,1123.14,1.23693,1.23622,4.979999999999984,1.0357,4.979999999999984,0.7099999999999884
88,2025-01-17,SFP_Chap,14,1.2066,88.35,715.64,1.21031,1.20928,3.710000000000102,0.62729,3.710000000000102,1.0300000000000864
89,2025-01-17,HP,60,1.22496,88.71,1121.81,1.22545,1.22479,0.4899999999998794,1.0331,0.4899999999998794,0.6599999999998829
90,2025-01-17,Avalanche_Cr,51,1.19312,88.34,1063.49,1.19561,1.1949,2.4900000000001032,0.97515,2.4900000000001032,0.7099999999999884
91,2025-01-17,GO_Cr,6,1.23579,87.63,824.64,1.24951,1.24705,13.719999999999954,0.7370099999999999,13.719999999999954,2.4599999999999067
92,2025-01-17,Fox_Cr,5,1.21864,88.46,1034.95,1.23582,1.2201,17.17999999999997,0.94649,17.17999999999997,15.719999999999956
93,2025-01-17,SFP_Wolf_Cr,7,1.21231,88.07,920.59,1.21761,1.21658,5.300000000000082,0.8325199999999999,5.300000000000082,1.0300000000000864
94,2025-01-17,Canyon_Cr_SFP,50,1.21728,87.82,1121.66,1.22062,1.21937,3.3400000000001207,1.03384,3.3400000000001207,1.2499999999999734
95,2025-01-17,SFP_Canyon_Cr,58,1.21334,88.36,1126.74,1.21895,1.21649,5.609999999999893,1.03838,5.609999999999893,2.4599999999999067
96,2025-01-17,Camp_Cr,22,1.24128,88.54,634.51,1.24499,1.24419,3.710000000000102,0.5459700000000001,3.710000000000102,0.8000000000001339
97,2025-01-17,SH_Cr,8,1.23723,88.23,1053.98,1.41141,1.40853,174.18,0.96575,174.18,2.8799999999999937
98,2025-01-30,SFP_Alder_Cr,51,1.19256,87.45,1158.5,1.20222,1.20111,9.660000000000002,1.07105,9.660000000000002,1.1100000000001664
99,2025-01-30,SFP_DW,6,1.23338,88.52,1161.6,1.23482,1.23414,1.4400000000001079,1.07308,1.4400000000001079,0.6800000000000139
100,2025-01-30,BJ_Cr,20,1.19253,88.37,511.1,1.19471,1.19341,2.1799999999998487,0.42273,2.1799999999998487,1.2999999999998568
101,2025-01-30,SFP_BJ,25,1.22851,87.62,1108.6,1.23037,1.23037,1.8599999999999728,1.02098,1.8599999999999728,0.0
102,2025-01-30,Warm_Sp,8,1.23845,88.33,1168.1,1.24267,1.24186,4.2199999999998905,1.07977,4.2199999999998905,0.8099999999999774
103,2025-01-30,SFP_Chap,46,1.23101,87.83,920.0,1.23209,1.23167,1.0799999999999699,0.83217,1.0799999999999699,0.4199999999998649
104,2025-01-30,HP,7,1.21282,88.71,1103.5,1.21434,1.21434,1.5199999999999658,1.0147899999999999,1.5199999999999658,0.0
105,2025-01-30,Avalanche_Cr,22,1.24091,88.43,644.8,1.24326,1.24241,2.3500000000000743,0.5563699999999999,2.3500000000000743,0.8500000000000174
106,-9999,GO_Cr,-9999,-9999,-9999,-9999,-9999,-9999,-9999,-9999,-9999,-9999
107,2025-01-30,Fox_Cr,50,1.21984,88.32,1138.2,1.22171,1.22084,1.8700000000000383,1.0498800000000001,1.8700000000000383,0.8700000000001484
108,2025-01-30,SFP_Wolf_Cr,14,1.20942,88.49,1162.2,1.23606,1.23278,26.639999999999997,1.07371,26.639999999999997,3.2799999999999496
109,2025-01-30,Canyon_Cr_SFP,60,1.22525,88.48,1108.0,1.22912,1.22815,3.87000000000004,1.01952,3.87000000000004,0.9699999999999154
110,2025-01-30,SFP_Canyon_Cr,9,1.19365,87.46,1115.2,1.19501,1.19404,1.3599999999998058,1.02774,1.3599999999998058,0.9699999999999154
111,2025-01-30,Camp_Cr,13,1.19489,88.1,1093.6,1.19737,1.19661,2.4800000000000377,1.0054999999999998,2.4800000000000377,0.7600000000000939
112,2025-01-30,SH_Cr,5,1.21926,88.22,1124.9,1.23974,1.23806,20.480000000000054,1.03668,20.480000000000054,1.6800000000001258
113,2025-02-15,SFP_Alder_Cr,5,1.21926,87.43,1135.29,1.22298,1.22181,3.7199999999999456,1.0478599999999998,3.7199999999999456,1.1699999999998933
114,2025-02-15,SFP_DW,25,1.22826,88.41,1140.12,1.24042,1.23833,12.16000000000017,1.0517099999999997,12.16000000000017,2.0900000000001473
115,2025-02-15,BJ_Cr,51,1.19369,88.42,1092.78,1.19824,1.19601,4.550000000000054,1.00436,4.550000000000054,2.2299999999999542
116,2025-02-15,SFP_BJ,6,1.23456,87.8,1112.77,1.24461,1.24045,10.049999999999892,1.02497,10.049999999999892,4.1599999999999415
117,2025-02-15,Warm_Sp,50,1.21766,88.71,1123.34,1.22059,1.21977,2.930000000000099,1.03463,2.930000000000099,0.8200000000000429
118,2025-02-15,SFP_Chap,14,1.20675,87.47,1089.64,1.2137,1.21233,6.950000000000012,1.00217,6.950000000000012,1.3700000000000934
119,-9999,HP,-9999,-9999,-9999,-9999,-9999,-9999,-9999,-9999,-9999,-9999
120,-9999,Avalanche_Cr,-9999,-9999,-9999,-9999,-9999,-9999,-9999,-9999,-9999,-9999
121,-9999,GO_Cr,-9999,-9999,-9999,-9999,-9999,-9999,-9999,-9999,-9999,-9999
122,2025-02-15,Fox_Cr,22,1.24235,88.2,1121.89,1.24343,1.24254,1.0799999999999699,1.03369,1.0799999999999699,0.8900000000000574
123,2025-02-15,SFP_Wolf_Cr,13,1.19522,88.48,1145.03,1.20021,1.19857,4.99000000000005,1.0565499999999999,4.99000000000005,1.6400000000000858
124,2025-02-15,Canyon_Cr_SFP,60,1.22452,88.36,1135.65,1.23561,1.23328,11.090000000000044,1.0472900000000003,11.090000000000044,2.3300000000001653
125,2025-02-15,SFP_Canyon_Cr,7,1.21369,88.36,1141.91,1.2248,1.22148,11.110000000000175,1.0535500000000002,11.110000000000175,3.3200000000002117
126,2025-02-15,Camp_Cr,4,1.23431,88.51,1072.96,1.23677,1.23586,2.4599999999999067,0.98445,2.4599999999999067,0.9099999999999664
127,2025-02-15,SH_Cr,46,1.23171,88.11,737.44,1.25185,1.2506,20.139999999999823,0.6493300000000001,20.139999999999823,1.2499999999999734
128,2025-02-15,SFP_Wapiti,9,1.19565,88.36,1132.84,1.19638,1.19598,0.7299999999998974,1.04448,0.7299999999998974,0.39999999999995595
129,2025-03-02,SFP_Alder_Cr,60,1.22051,87.84,1126.01,1.22893,1.22688,8.420000000000094,1.03817,8.420000000000094,2.0500000000001073
130,2025-03-02,SFP_DW,13,1.19248,88.36,1138.82,1.20327,1.20161,10.790000000000077,1.05046,10.790000000000077,1.6599999999999948
131,2025-03-02,BJ_Cr,25,1.22371,88.38,1107.88,1.22524,1.22442,1.5300000000000313,1.0195,1.5300000000000313,0.8200000000000429
132,2025-03-02,SFP_BJ,14,1.20186,88.98,1150.6,1.20924,1.20818,7.380000000000164,1.0616199999999998,7.380000000000164,1.060000000000061
133,2025-03-02,Warm_Sp,22,1.23651,88.4,1094.01,1.26331,1.26164,26.799999999999933,1.0056100000000001,26.799999999999933,1.6699999999998383
134,-9999,SFP_Chap,-9999,-9999,-9999,-9999,-9999,-9999,-9999,-9999,-9999,-9999
135,2025-03-02,HP,7,1.20842,88.52,1082.6,1.30633,1.30441,97.90999999999994,0.99408,97.90999999999994,1.9199999999999218
136,2025-03-02,Avalanche_Cr,5,1.21565,88.71,1142.03,1.27106,1.26811,55.41000000000018,1.05332,55.41000000000018,2.950000000000008
137,2025-03-02,GO_Cr,8,1.23326,87.82,1137.83,1.24189,1.23959,8.629999999999916,1.0500099999999999,8.629999999999916,2.2999999999999687
138,2025-03-02,Fox_Cr,6,1.22975,88.44,1128.95,1.24023,1.23667,10.480000000000045,1.04051,10.480000000000045,3.5600000000000076
139,2025-03-02,SFP_Wolf_Cr,4,1.23144,88.36,1146.14,1.24064,1.23833,9.199999999999875,1.0577800000000002,9.199999999999875,2.3100000000000342
140,2025-03-02,Canyon_Cr_SFP,9,1.18977,88.49,1146.88,1.19927,1.19713,9.500000000000064,1.0583900000000002,9.500000000000064,2.1400000000000308
141,2025-03-02,SFP_Canyon_Cr,20,1.18713,88.32,1148.42,1.22394,1.22004,36.81000000000001,1.0601,36.81000000000001,3.9000000000000146
142,2025-03-02,Camp_Cr,58,1.21562,87.61,1147.96,1.53894,1.52569,323.32000000000005,1.0603500000000001,323.32000000000005,13.249999999999984
143,2025-03-02,SH_Cr,55,1.22181,88.43,1140.23,1.43265,1.42028,210.83999999999992,1.0517999999999998,210.83999999999992,12.369999999999992
144,2025-03-19,SFP_Alder_Cr,60,1.22094,88.35,1141.14,1.22874,1.22665,7.800000000000029,1.0527900000000001,7.800000000000029,2.0899999999999253
145,2025-03-19,SFP_DW,13,1.19247,88.52,1111.06,1.19563,1.19446,3.1600000000000517,1.02254,3.1600000000000517,1.1699999999998933
146,2025-03-19,BJ_Cr,14,1.20391,89.2,1065.29,1.20717,1.20549,3.2600000000000406,0.9760899999999999,3.2600000000000406,1.6800000000001258
147,2025-03-19,SFP_BJ,25,1.22314,87.44,1118.01,1.22588,1.22503,2.7400000000001867,1.03057,2.7400000000001867,0.8500000000000174
148,2025-03-19,Warm_Sp,20,1.18929,87.63,1101.42,1.19518,1.19413,5.889999999999951,1.01379,5.889999999999951,1.0499999999999954
149,2025-03-19,SFP_Chap,9,1.19051,87.48,1124.43,1.1977,1.19595,7.19000000000003,1.03695,7.19000000000003,1.7499999999999183
150,2025-03-19,Fox_Cr,5,1.21797,88.5,1105.05,1.21977,1.21875,1.8000000000000238,1.01655,1.8000000000000238,1.020000000000021
151,2025-03-19,SFP_Wolf_Cr,22,1.23731,87.8,1134.36,1.24189,1.24065,4.5800000000000285,1.04656,4.5800000000000285,1.2399999999999078
152,2025-03-19,Canyon_Cr_SFP,4,1.23124,88.36,1140.98,1.24274,1.23768,11.500000000000066,1.0526200000000001,11.500000000000066,5.0600000000000644
153,2025-03-19,SFP_Canyon_Cr,6,1.22966,88.44,1119.97,1.23447,1.23343,4.809999999999981,1.03153,4.809999999999981,1.0399999999999299
154,2025-03-19,Camp_Cr,8,1.23277,88.7,1092.33,1.23857,1.23781,5.800000000000027,1.0036299999999998,5.800000000000027,0.7599999999998719
155,2025-03-19,SH_Cr,58,1.20921,88.23,1133.6,1.22533,1.22314,16.120000000000132,1.04537,16.120000000000132,2.1900000000001363
156,2025-03-30,SFP_Alder_Cr,25,1.22538,87.8,1140.05,1.24697,1.24309,21.589999999999996,1.05225,21.589999999999996,3.8799999999998835
157,2025-03-30,SFP_DW,20,1.18897,87.86,1129.93,1.21011,1.20605,21.139999999999937,1.0420700000000003,21.139999999999937,4.0599999999999525
158,2025-03-30,BJ_Cr,60,1.22086,88.7,1046.68,1.22345,1.22242,2.58999999999987,0.95798,2.58999999999987,1.0299999999998644
159,2025-03-30,SFP_BJ,22,1.23704,88.44,1122.86,1.26056,1.25819,23.519999999999985,1.03442,23.519999999999985,2.3699999999999832
160,2025-03-30,Warm_Sp,50,1.21494,88.33,1089.77,1.43392,1.43092,218.9800000000002,1.0014399999999999,218.9800000000002,3.0000000000001137
161,2025-03-30,SFP_Chap,14,1.20318,88.45,1143.75,1.21837,1.21578,15.190000000000037,1.0553,15.190000000000037,2.58999999999987
162,2025-03-30,Fox_Cr,46,1.22627,87.44,1112.12,1.23878,1.23499,12.510000000000021,1.0246799999999998,12.510000000000021,3.78999999999996
163,2025-03-30,SFP_Wolf_Cr,51,1.18783,87.63,1134.69,1.20102,1.19899,13.190000000000035,1.0470599999999999,13.190000000000035,2.0299999999999763
164,2025-03-30,Canyon_Cr_SFP,58,1.20998,88.23,1135.6,1.23161,1.22774,21.630000000000038,1.04737,21.630000000000038,3.87000000000004
165,2025-03-30,SFP_Canyon_Cr,8,1.23238,88.55,1113.29,1.25168,1.25051,19.299999999999873,1.02474,19.299999999999873,1.1699999999998933
166,2025-03-30,Camp_Cr,6,1.23126,88.99,1020.61,1.23609,1.23547,4.82999999999989,0.93162,4.82999999999989,0.6199999999998429
167,2025-03-30,SH_Cr,4,1.23196,88.38,1109.36,1.25098,1.23938,19.02000000000004,1.02098,19.02000000000004,11.600000000000055
168,2025-03-30,Nutcracker_Cr,13,1.19138,88.35,1054.18,1.20208,1.20025,10.699999999999932,0.9658300000000001,10.699999999999932,1.8299999999999983
169,2025-04-15,SFP_Alder_Cr,60,1.22029,87.63,1121.48,1.24459,1.24034,24.29999999999999,1.03385,24.29999999999999,4.250000000000087
170,2025-04-15,SFP_DW,50,1.21478,88.52,1140.66,1.23038,1.22771,15.600000000000058,1.05214,15.600000000000058,2.66999999999995
171,2025-04-15,BJ_Cr,14,1.20369,87.44,1016.08,1.20812,1.20594,4.430000000000156,0.9286400000000001,4.430000000000156,2.1800000000000708
172,2025-04-15,SFP_BJ,18,1.23828,88.99,1152.88,1.26024,1.25817,21.95999999999998,1.06389,21.95999999999998,2.0700000000000163
173,2025-04-15,Warm_Sp,7,1.20955,88.5,1102.97,1.27461,1.27259,65.06000000000012,1.01447,65.06000000000012,2.0199999999999108
174,2025-04-15,SFP_Chap,19,1.20229,88.45,1151.89,1.21678,1.21457,14.489999999999892,1.0634400000000002,14.489999999999892,2.2100000000000453
175,2025-04-15,Fox_Cr,12,1.19321,88.33,1161.69,1.21205,1.20693,18.839999999999968,1.07336,18.839999999999968,5.120000000000013
176,2025-04-15,SFP_Wolf_Cr,58,1.20979,88.38,1123.55,1.23004,1.22603,20.2500000000001,1.0351700000000001,20.2500000000001,4.010000000000069
177,2025-04-15,Canyon_Cr_SFP,51,1.18917,89.2,1159.66,1.21881,1.21461,29.639999999999887,1.07046,29.639999999999887,4.1999999999999815
178,2025-04-15,SFP_Canyon_Cr,1,1.21185,88.36,1151.81,1.23882,1.23741,26.96999999999994,1.06345,26.96999999999994,1.4100000000001334
179,2025-04-15,Camp_Cr,20,1.18801,87.8,1051.64,1.24008,1.23792,52.070000000000064,0.9638400000000001,52.070000000000064,2.160000000000162
180,2025-04-15,SH_Cr,6,1.23156,87.48,1133.55,1.38447,1.37621,152.9100000000001,1.0460699999999998,152.9100000000001,8.260000000000156
181,2025-04-15,Nutcracker_Cr,4,1.23019,88.23,1103.09,1.23278,1.23224,2.5900000000000922,1.0148599999999999,2.5900000000000922,0.5399999999999849
182,2025-04-15,HP,22,1.23741,87.86,1122.84,1.26152,1.25643,24.110000000000078,1.03498,24.110000000000078,5.090000000000039
183,2025-04-15,Avalanche_Cr,25,1.22438,88.55,1152.61,1.43208,1.3342,207.7,1.06406,207.7,97.87999999999997
184,2025-04-15,GO_Cr,13,1.19094,88.35,1134.45,1.22039,1.21249,29.449999999999974,1.0461,29.449999999999974,7.900000000000018
185,2025-04-15,SFP_Wapiti,8,1.23314,88.44,1022.68,1.23553,1.23472,2.3900000000001143,0.93424,2.3900000000001143,0.8099999999999774
186,2025-04-15,Wapiti_Cr,9,1.18968,88.7,1145.44,1.19419,1.19271,4.510000000000014,1.05674,4.510000000000014,1.4800000000001479
187,2025-04-28,SFP_Alder_Cr,46,1.23313,89.61,1124.44,1.30538,1.29695,72.24999999999993,1.0348300000000001,72.24999999999993,8.429999999999938
188,2025-04-28,SFP_DW,17,1.22256,87.87,1124.32,1.28359,1.27662,61.029999999999916,1.0364499999999999,61.029999999999916,6.969999999999921
189,2025-04-28,BJ_Cr,60,1.22711,88.34,1112.23,1.23377,1.23103,6.66000000000011,1.02389,6.66000000000011,2.7399999999999647
190,2025-04-28,SFP_BJ,55,1.22665,88.72,1142.14,1.27748,1.27417,50.82999999999993,1.05342,50.82999999999993,3.309999999999924
191,2025-04-28,Warm_Sp,6,1.23573,88.23,1131.04,1.37904,1.37575,143.31000000000006,1.04281,143.31000000000006,3.290000000000015
192,2025-04-28,SFP_Chap,58,1.21148,87.83,1138.43,1.25432,1.25067,42.84000000000021,1.0506000000000002,42.84000000000021,3.650000000000153
193,2025-04-28,Fox_Cr,20,1.19313,88.56,1142.09,1.20863,1.20434,15.50000000000007,1.05353,15.50000000000007,4.290000000000127
194,2025-04-28,SFP_Wolf_Cr,9,1.19517,87.47,1136.03,1.24947,1.24621,54.30000000000001,1.04856,54.30000000000001,3.2600000000000406
195,2025-04-28,Canyon_Cr_SFP,12,1.19278,88.36,1114.68,1.23775,1.2333,44.969999999999956,1.0263200000000001,44.969999999999956,4.449999999999843
196,2025-04-28,SFP_Canyon_Cr,3,1.23833,88.44,1133.73,1.25607,1.25442,17.740000000000087,1.04529,17.740000000000087,1.6499999999999293
197,2025-04-28,Camp_Cr,50,1.21932,88.53,1121.14,1.23404,1.23288,14.720000000000066,1.03261,14.720000000000066,1.1600000000000499
198,2025-04-28,SH_Cr,51,1.19431,87.45,1142.47,1.57037,1.55268,376.06000000000006,1.05502,376.06000000000006,17.689999999999984
199,2025-04-28,Nutcracker_Cr,7,1.21078,89.0,1093.28,1.21468,1.21361,3.9000000000000146,1.00428,3.9000000000000146,1.0699999999999044
200,2025-04-28,HP,13,1.19664,88.51,1147.04,1.22149,1.21752,24.850000000000037,1.05853,24.850000000000037,3.970000000000029
201,2025-04-28,Avalanche_Cr,8,1.23833,88.46,1143.78,1.76401,1.74821,525.6800000000002,1.05532,525.6800000000002,15.800000000000036
202,2025-04-28,GO_Cr,15,1.21681,88.48,1084.39,1.25479,1.24834,37.980000000000125,0.9959100000000001,37.980000000000125,6.450000000000067
203,2025-04-28,SFP_Wapiti,19,1.20614,88.39,1150.8,1.21133,1.21038,5.190000000000028,1.0624099999999999,5.190000000000028,0.9500000000000064
204,2025-04-28,Wapiti_Cr,11,1.21706,87.63,1101.13,1.22485,1.22263,7.789999999999964,1.0135,7.789999999999964,2.2199999999998887
205,2025-05-10,SFP_Alder_Cr,6,1.23715,88.54,1150.84,1.33699,1.32745,99.83999999999993,1.0623,99.83999999999993,9.539999999999882
206,2025-05-10,SFP_DW,22,1.24201,87.45,1140.98,1.33674,1.32903,94.72999999999998,1.05353,94.72999999999998,7.710000000000106
207,2025-05-10,BJ_Cr,60,1.22554,88.38,1141.69,1.24912,1.24645,23.579999999999934,1.05331,23.579999999999934,2.66999999999995
208,2025-05-10,SFP_BJ,7,1.21348,87.65,1157.67,1.35082,1.34374,137.34000000000003,1.07002,137.34000000000003,7.079999999999975
209,2025-05-10,Warm_Sp,15,1.21667,88.4,1162.06,1.5777,1.56572,361.0300000000002,1.0736599999999998,361.0300000000002,11.980000000000102
210,2025-05-10,SFP_Chap,58,1.23682,88.44,1149.29,1.27844,1.25749,41.61999999999999,1.0608499999999998,41.61999999999999,20.950000000000024
211,2025-05-10,Fox_Cr,50,1.21878,88.57,1150.82,1.23162,1.22601,12.839999999999963,1.06225,12.839999999999963,5.609999999999893
212,2025-05-10,SFP_Wolf_Cr,20,1.19346,88.49,1148.18,1.25481,1.24748,61.350000000000016,1.05969,61.350000000000016,7.330000000000059
213,2025-05-10,Canyon_Cr_SFP,3,1.21485,87.88,1139.71,1.34684,1.32987,131.99000000000007,1.0518299999999998,131.99000000000007,16.969999999999928
214,2025-05-10,SFP_Canyon_Cr,13,1.19784,88.5,1137.44,1.25111,1.24572,53.269999999999925,1.04894,53.269999999999925,5.390000000000006
215,2025-05-10,Camp_Cr,17,1.22239,88.35,1136.59,1.31439,1.30763,91.99999999999986,1.04824,91.99999999999986,6.759999999999877
216,2025-05-10,SH_Cr,9,1.19487,88.72,1162.66,2.18516,2.16329,990.2900000000001,1.0739400000000001,990.2900000000001,21.870000000000278
217,2025-05-10,HP,25,1.22966,87.49,1147.26,1.29725,1.28673,67.59000000000003,1.0597699999999999,67.59000000000003,10.520000000000085
218,2025-05-10,Avalanche_Cr,55,1.22702,89.0,1130.46,1.60014,1.56489,373.1199999999999,1.04146,373.1199999999999,35.25
219,2025-05-10,GO_Cr,"19,46",2.44051,88.39,1140.98,2.77911,2.70147,338.6,1.05259,338.6,77.64000000000016
220,2025-05-10,SFP_Wapiti,12,1.19851,88.46,1148.39,1.23501,1.23088,36.49999999999998,1.05993,36.49999999999998,4.129999999999967
221,2025-05-10,Wapiti_Cr,8,1.24071,89.64,1149.96,1.26535,1.25607,24.639999999999993,1.06032,24.639999999999993,9.279999999999955
222,2025-05-10,Flat_Cr,14,1.20734,87.83,1145.42,1.46248,1.39162,255.13999999999993,1.0575900000000003,255.13999999999993,70.85999999999993
223,2025-05-10,Bear_Cr,"11,51",2.41332,88.24,1150.55,3.30473,3.27641,891.4100000000001,1.0623099999999999,891.4100000000001,28.320000000000345
224,2025-05-27,SFP_Alder_Cr,8,1.23464,44.6,657.59,1.25933,1.25753,24.6900000000001,0.61299,24.6900000000001,1.8000000000000238
225,2025-05-27,SFP_DW,12,1.19711,88.74,1125.86,1.24288,1.23997,45.77000000000009,1.0371199999999998,45.77000000000009,2.909999999999968
226,2025-05-27,BJ_Cr,17,1.22445,88.24,1125.74,1.22968,1.22819,5.230000000000068,1.0375,5.230000000000068,1.4900000000002134
227,2025-05-27,SFP_BJ,1,1.21597,87.89,1111.25,1.31336,1.3105,97.39000000000009,1.02336,97.39000000000009,2.8600000000000847
228,2025-05-27,Warm_Sp,55,1.22604,88.36,1112.69,1.31552,1.31479,89.48,1.0243300000000002,89.48,0.7300000000001194
229,2025-05-27,SFP_Chap,11,1.21625,88.43,1114.39,1.25804,1.25597,41.78999999999999,1.02596,41.78999999999999,2.0700000000000163
230,2025-05-27,Fox_Cr,3,1.23748,88.74,1116.93,1.24144,1.24035,3.9600000000001856,1.0281900000000002,3.9600000000001856,1.0900000000000354
231,2025-05-27,SFP_Wolf_Cr,9,1.19591,88.47,1134.29,1.23299,1.23082,37.08,1.04582,37.08,2.1700000000000053
232,2025-05-27,Canyon_Cr_SFP,32,1.21092,87.47,1118.96,1.31931,1.31456,108.38999999999999,1.03149,108.38999999999999,4.750000000000032
233,2025-05-27,SFP_Canyon_Cr,18,1.24295,87.84,1123.47,1.26972,1.26789,26.76999999999996,1.03563,26.76999999999996,1.8299999999999983
234,2025-05-27,Camp_Cr,14,1.20979,88.55,1101.16,1.21441,1.21391,4.6200000000000685,1.0126100000000002,4.6200000000000685,0.49999999999994493
235,2025-05-27,SH_Cr,6,1.23593,88.67,1115.32,1.23861,1.2383,2.6800000000000157,1.0266499999999998,2.6800000000000157,0.31000000000003247
236,2025-05-27,HP,46,1.23357,87.49,1092.76,1.24801,1.24594,14.440000000000008,1.0052699999999999,14.440000000000008,2.0700000000000163
237,2025-05-27,Avalanche_Cr,4,1.23638,89.01,1075.05,1.26565,1.26253,29.269999999999907,0.9860399999999999,29.269999999999907,3.1200000000000117
238,2025-05-27,GO_Cr,25,1.23027,87.65,1114.95,1.24574,1.24239,15.470000000000095,1.0272999999999999,15.470000000000095,3.349999999999964
239,2025-05-27,SFP_Wapiti,35,1.23364,88.38,1089.84,1.24797,1.2468,14.329999999999954,1.00146,14.329999999999954,1.1700000000001154
240,2025-05-27,Wapiti_Cr,15,1.21751,88.51,1131.93,1.23264,1.22865,15.129999999999866,1.04342,15.129999999999866,3.989999999999938
241,2025-05-27,Flat_Cr,50,1.21961,88.4,1079.38,1.27446,1.26386,54.849999999999845,0.9909800000000001,54.849999999999845,10.599999999999943
242,2025-05-27,Bear_Cr,22,1.24172,88.45,1074.04,1.36588,1.36237,124.16000000000005,0.98559,124.16000000000005,3.509999999999902
243,2025-06-08,SFP_Alder_Cr,25,1.22576,88.39,1127.21,1.25754,1.25497,31.780000000000143,1.0388199999999999,31.780000000000143,2.5700000000001832
244,2025-06-08,SFP_DW,3,1.23319,89.0,1145.5,1.25015,1.24864,16.960000000000086,1.0565,16.960000000000086,1.5100000000001224
245,2025-06-08,BJ_Cr,22,1.23955,88.54,1122.57,1.24461,1.24183,5.0600000000000644,1.03403,5.0600000000000644,2.7800000000000047
246,2025-06-08,SFP_BJ,1,1.21321,88.19,1124.24,1.22617,1.22471,12.960000000000083,1.03605,12.960000000000083,1.4600000000000168
247,2025-06-08,Warm_Sp,46,1.22823,87.69,1140.38,1.2356,1.23275,7.370000000000099,1.0526900000000001,7.370000000000099,2.850000000000019
248,2025-06-08,SFP_Chap,11,1.21298,88.36,1140.05,1.22463,1.22338,11.65000000000016,1.05169,11.65000000000016,1.2500000000001954
249,2025-06-08,Fox_Cr,4,1.23251,88.5,1156.6,1.23621,1.23426,3.7000000000000366,1.0680999999999998,3.7000000000000366,1.9500000000001183
250,2025-06-08,SFP_Wolf_Cr,18,1.23829,88.33,1058.05,1.24964,1.24793,11.350000000000193,0.9697199999999999,11.350000000000193,1.7100000000001003
251,2025-06-08,Canyon_Cr_SFP,6,1.23137,88.72,1148.24,1.23923,1.23747,7.859999999999978,1.05952,7.859999999999978,1.7599999999999838
252,2025-06-08,SFP_Canyon_Cr,9,1.19121,88.21,1146.64,1.20562,1.20363,14.409999999999812,1.05843,14.409999999999812,1.9899999999999363
253,2025-06-08,Camp_Cr,15,1.21226,88.41,1136.4,1.21471,1.21369,2.4500000000000632,1.04799,2.4500000000000632,1.020000000000021
254,2025-06-08,SH_Cr,7,1.21023,89.59,1058.81,1.21349,1.21217,3.2600000000000406,0.9692199999999999,3.2600000000000406,1.3199999999999878
255,2025-06-08,HP,14,1.20401,87.45,1058.47,1.20674,1.20547,2.729999999999899,0.97102,2.729999999999899,1.2699999999998823
256,2025-06-08,Avalanche_Cr,8,1.23303,88.5,1164.14,1.23886,1.23728,5.830000000000002,1.0756400000000002,5.830000000000002,1.5800000000001369
257,2025-06-08,GO_Cr,17,1.21785,87.59,1145.26,1.22247,1.22084,4.6199999999998465,1.05767,4.6199999999998465,1.6300000000000203
258,2025-06-08,SFP_Wapiti,35,1.22946,87.89,1123.58,1.23689,1.21576,7.430000000000048,1.0356899999999998,7.430000000000048,21.130000000000095
259,2025-06-08,Wapiti_Cr,50,1.21544,88.59,1149.98,1.22131,1.21936,5.86999999999982,1.06139,5.86999999999982,1.9499999999998963
260,2025-06-08,Flat_Cr,55,1.22109,88.44,1155.38,1.22435,1.22288,3.2600000000000406,1.06694,3.2600000000000406,1.4700000000000824
261,2025-06-08,Bear_Cr,32,1.20683,87.84,1134.04,1.22348,1.22207,16.64999999999983,1.0462,16.64999999999983,1.4099999999999113
262,2025-06-22,SFP_Alder_Cr,31,1.22096,88.4,1146.14,1.23168,1.22989,10.720000000000063,1.05774,10.720000000000063,1.7900000000001803
263,2025-06-22,SFP_DW,9,1.19139,88.55,1152.43,1.19579,1.19472,4.3999999999999595,1.0638800000000002,4.3999999999999595,1.0699999999999044
264,2025-06-22,BJ_Cr,6,1.23068,88.2,1116.12,1.23323,1.23172,2.5500000000000522,1.02792,2.5500000000000522,1.5100000000001224
265,2025-06-22,SFP_BJ,8,1.23373,87.64,1135.51,1.23691,1.23604,3.1799999999999606,1.0478699999999999,3.1799999999999606,0.8699999999999264
266,2025-06-22,Warm_Sp,17,1.21857,88.38,1142.61,1.21999,1.21943,1.4199999999999768,1.05423,1.4199999999999768,0.5599999999998939
267,2025-06-22,SFP_Chap,4,1.23207,87.47,1113.61,1.23682,1.23547,4.750000000000032,1.0261399999999998,4.750000000000032,1.3499999999999623
268,2025-06-22,Fox_Cr,3,1.23361,88.45,1131.32,1.23537,1.23426,1.7599999999999838,1.04287,1.7599999999999838,1.1100000000001664
269,2025-06-22,SFP_Wolf_Cr,14,1.26318,88.58,1142.44,1.20704,1.206011,-56.14000000000008,1.05386,-56.14000000000008,1.0289999999999466
270,2025-06-22,Canyon_Cr_SFP,18,1.23889,88.37,1148.08,1.24415,1.24346,5.260000000000042,1.05971,5.260000000000042,0.6900000000000794
271,2025-06-22,SFP_Canyon_Cr,7,1.21068,87.87,1141.47,1.21315,1.21239,2.469999999999972,1.0535999999999999,2.469999999999972,0.7599999999998719
272,2025-06-22,Camp_Cr,25,1.22493,88.52,1138.34,1.23775,1.23542,12.819999999999832,1.04982,12.819999999999832,2.3299999999999432
273,2025-06-22,SH_Cr,11,1.21373,88.24,1151.27,1.26332,1.25945,49.590000000000025,1.06303,49.590000000000025,3.87000000000004
274,2025-06-22,HP,13,1.19078,88.51,1152.22,1.19254,1.19183,1.7599999999999838,1.06371,1.7599999999999838,0.7099999999999884
275,2025-06-22,Avalanche_Cr,19,1.20167,89.01,1147.82,1.20332,1.20274,1.6499999999999293,1.05881,1.6499999999999293,0.5800000000000249
276,2025-06-22,GO_Cr,1,1.21104,87.51,1104.42,1.21275,1.21167,1.7100000000001003,1.01691,1.7100000000001003,1.0799999999999699
277,2025-06-22,SFP_Wapiti,10,1.20896,88.73,1155.35,1.21142,1.21049,2.4599999999999067,1.06662,2.4599999999999067,0.9299999999998754
278,2025-06-22,Wapiti_Cr,15,1.2123,87.95,1153.59,1.21647,1.21513,4.170000000000007,1.06564,4.170000000000007,1.3399999999998968
279,2025-06-22,Flat_Cr,22,1.23853,89.61,1126.14,1.233997,1.23914,-4.532999999999898,1.0365300000000002,-4.532999999999898,-5.142999999999898
280,2025-06-22,Bear_Cr,12,1.19338,88.46,1128.62,1.19844,1.19726,5.059999999999842,1.0401599999999998,5.059999999999842,1.1799999999999589
281,2025-07-07,SFP_Alder_Cr,13,1.19237,87.89,1156.1,1.21994,1.21607,27.570000000000093,1.0682099999999999,27.570000000000093,3.87000000000004
282,2025-07-07,SFP_DW,19,1.20219,88.38,1155.1,1.21849,1.21532,16.299999999999983,1.06672,16.299999999999983,3.170000000000117
283,2025-07-07,BJ_Cr,7,1.20964,88.57,1152.0,1.21334,1.21156,3.7000000000000366,1.06343,3.7000000000000366,1.7800000000001148
284,2025-07-07,SFP_BJ,46,1.22874,88.4,1159.7,1.25283,1.24925,24.090000000000167,1.0713,24.090000000000167,3.5800000000001386
285,2025-07-07,Warm_Sp,11,1.21253,87.65,1155.7,1.21803,1.21697,5.499999999999838,1.06805,5.499999999999838,1.0599999999998388
286,2025-07-07,SFP_Chap,50,1.21594,87.5,1151.8,1.24049,1.23768,24.55000000000007,1.0643,24.55000000000007,2.8100000000002012
287,2025-07-07,Chapman_Cr,"18,22,3,14,12",6.10803,88.21,1063.1,9.13658,8.99315,3028.55,0.9748899999999999,3028.55,143.4300000000004
288,2025-07-07,Fox_Cr,4,1.23205,88.44,1128.8,1.27762,1.26813,45.56999999999989,1.04036,45.56999999999989,9.489999999999998
289,2025-07-07,SFP_Wolf_Cr,17,1.21837,88.58,1136.7,1.23367,1.23129,15.300000000000091,1.0481200000000002,15.300000000000091,2.3800000000000487
290,2025-07-07,Canyon_Cr_SFP,35,1.22772,89.01,1109.7,1.25826,1.25398,30.540000000000013,1.02069,30.540000000000013,4.2799999999998395
291,2025-07-07,SFP_Canyon_Cr,59,1.21851,87.45,1129.9,1.22646,1.22531,7.950000000000124,1.04245,7.950000000000124,1.1500000000002064
292,2025-07-07,Camp_Cr,9,1.19144,88.36,1116.8,1.36117,1.35628,169.72999999999993,1.02844,169.72999999999993,4.890000000000061
293,2025-07-07,SH_Cr,1,1.21112,88.5,1126.0,1.57721,1.56832,366.09000000000003,1.0375,366.09000000000003,8.890000000000065
294,2025-07-07,HP,25,1.2247,89.61,1111.4,1.23748,1.23513,12.780000000000014,1.02179,12.780000000000014,2.349999999999852
295,2025-07-07,Avalanche_Cr,51,1.19076,87.84,1101.7,1.22199,1.21754,31.22999999999987,1.01386,31.22999999999987,4.449999999999843
296,2025-07-07,GO_Cr,8,1.23389,88.74,1107.5,1.32969,1.31897,95.80000000000011,1.0187599999999999,95.80000000000011,10.720000000000063
297,2025-07-07,SFP_Wapiti,31,1.22157,88.45,1123.0,1.22559,1.22385,4.0199999999999125,1.0345499999999999,4.0199999999999125,1.7399999999998528
298,2025-07-07,Wapiti_Cr,15,1.21122,88.25,1020.3,1.21546,1.21391,4.2400000000000215,0.9320499999999999,4.2400000000000215,1.5499999999999403
299,2025-07-07,Bear_Cr,6,1.23115,88.52,1058.8,1.24066,1.23929,9.51000000000013,0.9702799999999999,9.51000000000013,1.3700000000000934
300,2025-07-21,SFP_Alder_Cr,5,1.21634,87.65,1132.09,1.22811,1.22575,11.770000000000058,1.0444399999999998,11.770000000000058,2.3600000000001398
301,2025-07-21,SFP_DW,2,1.22551,87.9,1152.45,1.22902,1.22756,3.509999999999902,1.0645499999999999,3.509999999999902,1.4600000000000168
302,2025-07-21,BJ_Cr,33,1.23581,88.79,1106.94,1.23861,1.23698,2.7999999999999137,1.01815,2.7999999999999137,1.6300000000000203
303,2025-07-21,SFP_BJ,23,1.23013,89.01,1143.23,1.23394,1.23301,3.810000000000091,1.05422,3.810000000000091,0.9300000000000974
304,2025-07-21,Warm_Sp,9,1.19159,88.36,1146.78,1.19519,1.19424,3.6000000000000476,1.0584200000000001,3.6000000000000476,0.9500000000000064
305,2025-07-21,SFP_Chap,12,1.19515,87.5,1142.76,1.19861,1.19758,3.4600000000000186,1.05526,3.4600000000000186,1.0299999999998644
306,2025-07-21,Chapman_Cr,51,1.18985,88.47,1026.57,1.21803,1.21578,28.179999999999872,0.9380999999999999,28.179999999999872,2.249999999999863
307,2025-07-21,Fox_Cr,1,1.21293,88.4,1131.35,1.21856,1.21693,5.630000000000024,1.0429499999999998,5.630000000000024,1.6300000000000203
308,2025-07-21,SFP_Wolf_Cr,25,1.22471,88.48,1098.77,1.22818,1.22685,3.470000000000084,1.01029,3.470000000000084,1.3300000000000534
309,2025-07-21,Canyon_Cr_SFP,20,1.18911,89.0,1134.53,1.19946,1.19775,10.350000000000081,1.04553,10.350000000000081,1.7099999999998783
310,2025-07-21,SFP_Canyon_Cr,34,1.19284,89.38,1145.99,1.19494,1.19405,2.0999999999999908,1.05661,2.0999999999999908,0.8899999999998354
311,2025-07-21,Camp_Cr,4,1.23106,88.52,1130.43,1.23823,1.23706,7.169999999999899,1.0419100000000001,7.169999999999899,1.1699999999998933
312,2025-07-21,SH_Cr,50,1.21641,89.62,1093.83,1.23924,1.23677,22.829999999999906,1.0042099999999998,22.829999999999906,2.469999999999972
313,2025-07-21,HP,6,1.23295,89.04,1122.45,1.23758,1.23627,4.629999999999912,1.0334100000000002,4.629999999999912,1.3099999999999223
314,2025-07-21,Avalanche_Cr,19,1.20409,87.47,1117.18,1.21155,1.20988,7.4599999999998,1.0297100000000001,7.4599999999998,1.6699999999998383
315,2025-07-21,GO_Cr,60,1.22138,88.57,1135.37,1.22659,1.22472,5.210000000000159,1.0468,5.210000000000159,1.8700000000000383
316,2025-07-21,SFP_Wapiti,13,1.19374,88.74,1159.68,1.19508,1.19452,1.3399999999998968,1.07094,1.3399999999998968,0.5599999999998939
317,2025-07-21,Wapiti_Cr,14,1.20592,89.06,1000.35,1.21112,1.20934,5.199999999999871,0.9112899999999999,5.199999999999871,1.7799999999998928
318,2025-07-21,Bear_Cr,58,1.21146,87.88,1141.35,1.21582,1.21449,4.3599999999999195,1.05347,4.3599999999999195,1.3299999999998313
319,2025-08-01,SFP_Alder_Cr,13,1.191,87.63,1137.63,1.216,1.212,24.99999999999991,1.05,24.99999999999991,4.0000000000000036
320,2025-08-01,SFP_DW,23,1.23,88.4,1131.9,1.263,1.258,32.999999999999915,1.0435,32.999999999999915,4.999999999999893
321,2025-08-01,BJ_Cr,12,1.193,88.38,1090.53,1.202,1.193,8.999999999999897,1.0021499999999999,8.999999999999897,8.999999999999897
322,2025-08-01,SFP_BJ,4,1.231,88.21,1116.96,1.247,1.239,16.000000000000014,1.02875,16.000000000000014,8.000000000000007
323,2025-08-01,Warm_Sp,2,1.226,88.53,1116.34,1.226,1.225,0.0,1.02781,0.0,0.9999999999998899
324,2025-08-01,SFP_Chap,19,1.207,87.49,-9999,-9999,-9999,-9999,-9999,-9999,-9999
325,2025-08-01,Chapman_Cr,14,1.208,87.45,1081.21,1.231,1.235,23.00000000000013,0.99376,23.00000000000013,-4.0000000000000036
326,2025-08-01,Fox_Cr,25,1.23,88.23,1119.0,1.244,1.232,14.000000000000012,1.03077,14.000000000000012,12.00000000000001
327,2025-08-01,SFP_Wolf_Cr,22,1.243,88.51,1140.91,1.244,1.247,0.9999999999998899,1.0524,0.9999999999998899,-3.0000000000001137
328,2025-08-01,Canyon_Cr_SFP,17,1.223,88.73,1143.55,1.241,1.231,18.000000000000014,1.0548199999999999,18.000000000000014,10.000000000000009
329,2025-08-01,SFP_Canyon_Cr,18,1.244,88.34,1084.7,1.244,1.247,0.0,0.99636,0.0,-3.0000000000001137
330,2025-08-01,Camp_Cr,8,1.238,87.89,1128.4,1.242,1.241,4.0000000000000036,1.04051,4.0000000000000036,0.9999999999998899
331,2025-08-01,SH_Cr,15,1.215,88.07,1072.33,1.255,1.252,39.999999999999815,0.98426,39.999999999999815,2.9999999999998916
332,2025-08-01,HP,7,1.214,88.57,1140.5,1.215,1.218,1.000000000000112,1.05193,1.000000000000112,-2.9999999999998916
333,2025-08-01,Avalanche_Cr,1,1.216,88.99,1131.08,1.234,1.224,18.000000000000014,1.04209,18.000000000000014,10.000000000000009
334,2025-08-01,GO_Cr,6,1.237,88.49,1099.43,1.366,1.357,129.0,1.01094,129.0,9.000000000000119
335,2025-08-01,SFP_Wapiti,20,1.193,88.46,1144.32,1.205,1.196,12.00000000000001,1.0558599999999998,12.00000000000001,9.000000000000119
336,2025-08-01,Wapiti_Cr,5,1.221,89.61,1061.07,1.222,1.221,0.9999999999998899,0.9714599999999999,0.9999999999998899,0.9999999999998899
337,2025-08-01,Bear_Cr,9,1.197,87.85,1081.82,1.211,1.199,14.000000000000012,0.9939699999999999,14.000000000000012,12.00000000000001
338,2025-08-14,SFP_Alder_Cr,32,1.212,88.34,1155.71,1.225,1.2238,13.000000000000123,1.0673700000000002,13.000000000000123,1.2000000000000899
339,2025-08-14,SFP_DW,33,1.239,88.87,1126.54,1.243,1.2431,4.0000000000000036,1.03767,4.0000000000000036,-0.09999999999998899
340,2025-08-14,BJ_Cr,58,1.212,88.57,1116.33,1.219,1.218,7.000000000000117,1.02776,7.000000000000117,1.000000000000112
341,2025-08-14,SFP_BJ,68,1.225,88.22,1099.53,1.226,1.2261,0.9999999999998899,1.01131,0.9999999999998899,-0.09999999999998899
342,2025-08-14,Warm_Sp,50,1.219,89.54,1121.45,1.22,1.2206,0.9999999999998899,1.03191,0.9999999999998899,-0.5999999999999339
343,2025-08-14,SFP_Chap,59,1.226,88.03,1097.46,1.226,1.2262,0.0,1.00943,0.0,-0.19999999999997797
344,2025-08-14,Chapman_Cr,34,1.198,88.75,1128.46,1.211,1.2099,13.000000000000123,1.0397100000000001,13.000000000000123,1.100000000000101
345,2025-08-14,Fox_Cr,51,1.196,88.91,1120.25,1.199,1.1983,3.0000000000001137,1.03134,3.0000000000001137,0.700000000000145
346,2025-08-14,SFP_Wolf_Cr,31,1.228,88.67,1151.42,1.233,1.2313,5.0000000000001155,1.06275,5.0000000000001155,1.7000000000000348
347,2025-08-14,Canyon_Cr_SFP,53,1.217,89.83,1149.43,1.221,1.2207,4.0000000000000036,1.0596,4.0000000000000036,0.300000000000189
348,2025-08-14,SFP_Canyon_Cr,54,1.209,88.59,1148.32,1.211,1.21,2.0000000000000018,1.05973,2.0000000000000018,1.000000000000112
349,2025-08-14,Camp_Cr,56,1.222,88.78,1084.1,1.225,1.2231,3.0000000000001137,0.99532,3.0000000000001137,1.9000000000000128
350,2025-08-14,SH_Cr,43,1.228,88.93,1104.76,1.243,1.2397,15.000000000000124,1.01583,15.000000000000124,3.3000000000000806
351,2025-08-14,HP,29,1.247,88.07,1138.77,1.25,1.2503,2.9999999999998916,1.0507,2.9999999999998916,-0.29999999999996696
352,2025-08-14,Avalanche_Cr,27,1.234,88.21,1111.92,1.235,1.237,1.000000000000112,1.0237100000000001,1.000000000000112,-2.0000000000000018
353,2025-08-14,GO_Cr,39,1.233,88.75,1082.22,1.247,1.2438,14.000000000000012,0.9934700000000001,14.000000000000012,3.2000000000000917
354,2025-08-14,SFP_Wapiti,28,1.24,89.13,1140.71,1.242,1.242,2.0000000000000018,1.05158,2.0000000000000018,0.0
355,2025-08-14,Wapiti_Cr,30,1.231,88.65,1088.75,1.235,1.2325,4.0000000000000036,1.0001,4.0000000000000036,2.5000000000001688
356,2025-08-14,Bear_Cr,37,1.214,87.93,1126.56,1.215,1.2146,1.000000000000112,1.03863,1.000000000000112,0.400000000000178
357,2025-08-27,MainPayette_Gauge,25,1.2314,58.144,591.81,1.2751,1.2673,43.69999999999985,0.533666,43.69999999999985,7.799999999999807
358,2025-08-27,SFP_Staircase,"16,32,27,41",4.8741,57.94,597.88,5.7575,5.5978,883.4,0.5399400000000001,883.4,159.69999999999996
359,2025-08-27,MFP_Crouch,58,1.2177,58.031,579.85,1.2268,1.2237,9.099999999999886,0.521819,9.099999999999886,3.0999999999998806
360,2025-08-27,SFP_Wapiti,11,1.218,58.19,576.71,1.2795,1.2717,61.500000000000114,0.51852,61.500000000000114,7.800000000000029
361,2025-08-27,SH_Cr,49,1.2228,57.887,573.18,1.2398,1.2361,16.999999999999904,0.5152929999999999,16.999999999999904,3.7000000000000366
362,2025-08-27,Canyon_Cr_SFP,"4,40,39",3.7159,57.98,607.7,3.8732,3.8484,157.3000000000002,0.54972,157.3000000000002,24.800000000000377
363,2025-08-27,SFP_Canyon_Cr,59,1.2264,57.78,604.07,1.3054,1.2959,78.99999999999996,0.54629,78.99999999999996,9.499999999999842
364,2025-08-27,Fox_Cr,46,1.2336,58.498,566.91,1.2496,1.245,16.000000000000014,0.508412,16.000000000000014,4.5999999999999375
365,2025-08-27,SFP_Wolf_Cr,45,1.2322,57.091,594.95,1.3744,1.3576,142.2000000000001,0.5378590000000001,142.2000000000001,16.800000000000146
366,2025-08-27,SFP_Chap,48,1.2329,58.26,588.59,1.3687,1.3521,135.79999999999993,0.5303300000000001,135.79999999999993,16.599999999999948
367,2025-08-27,Warm_Sp,"28,47,20",3.6684,58.189,590.95,4.0679,4.0315,399.4999999999998,0.532761,399.4999999999998,36.399999999999544
368,2025-08-27,SFP_BJ,"37,8,13,29,31,36",7.3453,58.078,603.64,8.7442,8.5935,1398.8999999999994,0.545562,1398.8999999999994,150.69999999999874
369,2025-08-27,BJ_Cr,34,1.1976,58.168,591.1,1.1993,1.1968,1.7000000000000348,0.532932,1.7000000000000348,2.4999999999999467
370,2025-08-27,SFP_DW,"40,6,30,68",3.6979,57.163,592.81,4.3957,4.3131,697.7999999999995,0.535647,697.7999999999995,82.59999999999934
371,2025-08-27,SFP_Alder_Cr,"1,HZ,FC20,55,51,44,50,14,17,7,18",13.4337,58.226,594.02,17.5004,16.7906,4066.699999999999,0.535794,4066.699999999999,709.7999999999978
372,2025-08-29,SFP_Alder_Cr,45,1.2338,88.56,1142.1,1.2937,1.2849,59.90000000000006,1.05354,59.90000000000006,8.800000000000141
373,2025-08-29,SFP_DW,1,1.2171,87.64,1130.54,1.2959,1.2845,78.79999999999998,1.0429,78.79999999999998,11.400000000000077
374,2025-08-29,BJ_Cr,FC11,1.2128,87.45,1057.64,1.2148,1.2125,2.0000000000000018,0.9701900000000001,2.0000000000000018,2.300000000000191
375,2025-08-29,SFP_BJ,23,1.2343,88.19,1158.74,1.2981,1.2911,63.80000000000008,1.07055,63.80000000000008,7.000000000000117
376,2025-08-29,Warm_Sp,32,1.2125,88.39,1147.76,1.2909,1.2825,78.40000000000002,1.05937,78.40000000000002,8.399999999999963
377,2025-08-29,SFP_Chap,10,1.2146,89.0,1144.9,1.2663,1.2597,51.70000000000008,1.0559,51.70000000000008,6.599999999999939
378,2025-08-29,Fox_Cr,58,1.2157,88.36,1030.99,1.2216,1.2191,5.900000000000016,0.94263,5.900000000000016,2.4999999999999467
379,2025-08-29,SFP_Wolf_Cr,2,1.231,87.88,1104.77,1.2915,1.2828,60.5,1.01689,60.5,8.700000000000152
380,2025-08-29,Canyon_Cr_SFP,4,1.2377,88.24,1149.05,1.3929,1.3696,155.20000000000002,1.06081,155.20000000000002,23.300000000000097
381,2025-08-29,SFP_Canyon_Cr,43,1.2298,88.51,1146.87,1.2599,1.2561,30.100000000000016,1.05836,30.100000000000016,3.8000000000000256
382,2025-08-29,Camp_Cr,33,1.2397,88.45,1140.78,1.2457,1.2436,6.000000000000005,1.05233,6.000000000000005,2.0999999999999908
383,2025-08-29,SH_Cr,27,1.2335,88.73,1152.67,1.2418,1.2398,8.299999999999974,1.06394,8.299999999999974,2.0000000000000018
384,2025-08-29,HP,51,1.196,88.08,1152.99,1.416,1.3946,219.99999999999997,1.06491,219.99999999999997,21.399999999999864
385,2025-08-29,Avalanche_Cr,12,1.1994,88.57,1137.31,1.4141,1.2723,214.6999999999999,1.04874,214.6999999999999,141.79999999999993
386,2025-08-29,GO_Cr,31,1.2278,88.5,1078.62,1.2482,1.2456,20.399999999999974,0.9901199999999999,20.399999999999974,2.5999999999999357
387,2025-08-29,SFP_Wapiti,29,1.251,87.84,1148.58,1.2789,1.2752,27.900000000000034,1.06074,27.900000000000034,3.7000000000000366
388,2025-08-29,Wapiti_Cr,39,1.2344,88.35,1157.55,1.2411,1.2371,6.70000000000015,1.0692000000000002,6.70000000000015,4.0000000000000036
389,2025-08-29,Bear_Cr,5,1.2221,89.61,1145.66,1.2232,1.2223,1.100000000000101,1.0560500000000002,1.100000000000101,0.9000000000001229
390,2025-08-29,Canyon_Cr_Banner,16,1.229,87.72,1075.4,1.2376,1.2357,8.599999999999941,0.9876800000000001,8.599999999999941,1.9000000000000128
391,2025-08-29,Canyon_Cr_DF_1,38,1.2297,105.86,1109.75,1.282,1.3885,52.30000000000001,1.00389,52.30000000000001,-106.50000000000004
392,2025-08-29,Canyon_Cr_DF_3,25,1.2311,104.35,1133.14,1.5372,1.4835,306.0999999999998,1.02879,306.0999999999998,53.69999999999986
393,2025-09-12,Wapiti_Cr,11,1.216,102.53,1032.6,1.2217,1.2183,5.700000000000038,0.93007,5.700000000000038,3.4000000000000696
394,2025-09-12,SFP_Wapiti,20,1.194,104.97,1138.68,1.1971,1.1964,3.1000000000001027,1.0337100000000001,3.1000000000001027,0.700000000000145
395,2025-09-12,Bear_Cr,40,1.2374,101.89,1152.41,1.2396,1.238,2.1999999999999797,1.05052,2.1999999999999797,1.6000000000000458
396,2025-09-12,SH_Cr,28,1.2394,103.18,1089.71,1.246,1.2444,6.599999999999939,0.98653,6.599999999999939,1.6000000000000458
397,2025-09-12,Camp_Cr,53,1.2182,106.69,1128.06,1.2243,1.2226,6.099999999999994,1.02137,6.099999999999994,1.7000000000000348
398,2025-09-12,Canyon_Cr_SFP,1,1.2072,106.05,1119.5,1.2259,1.2233,18.69999999999994,1.01345,18.69999999999994,2.5999999999999357
399,2025-09-12,SFP_Canyon_Cr,59,1.2238,101.51,1158.76,1.2277,1.2261,3.9000000000000146,1.05725,3.9000000000000146,1.6000000000000458
400,2025-09-12,Fox_Cr,47,1.2289,102.55,1136.36,1.2352,1.2329,6.299999999999972,1.03381,6.299999999999972,2.2999999999999687
401,2025-09-12,SFP_Wolf_Cr,9,1.1972,101.56,1081.57,1.2026,1.2011,5.399999999999849,0.9800099999999999,5.399999999999849,1.4999999999998348
402,2025-09-12,GO_Cr,37,1.2135,102.63,1111.06,1.2235,1.2208,10.000000000000009,1.00843,10.000000000000009,2.6999999999999247
403,2025-09-12,Avalanche_Cr,57,1.2117,88.38,-9999,1.2612,1.2587,49.5000000000001,-9999,49.5000000000001,2.5000000000001688
404,2025-09-12,HP,34,1.1973,89.62,-9999,1.2256,1.2167,28.29999999999999,-9999,28.29999999999999,8.90000000000013
405,2025-09-12,SFP_Chap,18,1.2421,88.34,-9999,1.2478,1.2468,5.700000000000038,-9999,5.700000000000038,1.000000000000112
406,2025-09-12,Warm_Sp,46,1.2333,88.73,1157.88,1.2437,1.241,10.399999999999965,1.06915,10.399999999999965,2.6999999999999247
407,2025-09-12,SFP_BJ,13,1.1954,87.57,1153.48,1.2036,1.2021,8.199999999999985,1.0659100000000001,8.199999999999985,1.5000000000000568
408,2025-09-12,BJ_Cr,49,1.2194,87.45,-9999,1.2222,1.2205,2.7999999999999137,-9999,2.7999999999999137,1.7000000000000348
409,2025-09-12,SFP_DW,48,1.2314,88.34,1146.89,1.2381,1.2365,6.699999999999928,1.05855,6.699999999999928,1.6000000000000458
410,2025-09-12,SFP_Alder_Cr,14,1.209,88.38,1153.68,1.2136,1.2125,4.5999999999999375,1.0653000000000001,4.5999999999999375,1.100000000000101
411,2025-09-12,Canyon_Cr_Banner,2,1.2301,102.85,1090.46,-9999,1.2323,-9999,0.98761,-9999,-9999
412,2025-09-12,Canyon_Cr_DF2,32,1.2118,102.82,1034.33,-9999,1.2427,-9999,0.93151,-9999,-9999
413,2025-09-12,Canyon_Cr_DF8,FC11,1.2111,102.41,1091.29,-9999,1.3273,-9999,0.98888,-9999,-9999
414,2025-09-12,Canyon_Cr_DF5,5,1.2218,105.1,1039.92,-9999,1.2378,-9999,0.9348200000000001,-9999,-9999
415,2025-09-12,Canyon_Cr_DF4,39,1.2349,102.79,1146.36,-9999,1.2475,-9999,1.0435699999999999,-9999,-9999
416,2025-09-12,Canyon_Cr_slump1,31,1.2258,102.87,1142.19,-9999,1.2773,-9999,1.0393200000000002,-9999,-9999
417,2025-09-26,SFP_Wapiti,1,1.2175,87.88,1119.34,1.2207,1.2202,3.1999999999998696,1.03146,3.1999999999998696,0.49999999999994493
418,2025-09-26,Bear_Cr,17,1.2254,87.46,1133.43,1.2273,1.2262,1.9000000000000128,1.04597,1.9000000000000128,1.100000000000101
419,2025-09-26,SH_Cr,6,1.2371,88.28,1048.12,1.2443,1.2425,7.199999999999873,0.9598399999999999,7.199999999999873,1.8000000000000238
420,2025-09-26,Camp_Cr,58,1.2164,87.73,1118.11,1.2267,1.2247,10.299999999999976,1.0303799999999999,10.299999999999976,2.0000000000000018
421,2025-09-26,Canyon_Cr_SFP,45,1.2346,88.81,1101.35,1.2422,1.2403,7.600000000000051,1.01254,7.600000000000051,1.9000000000000128
422,2025-09-26,SFP_Canyon_Cr,27,1.2356,87.47,1081.66,1.2383,1.2367,2.6999999999999247,0.99419,2.6999999999999247,1.6000000000000458
423,2025-09-26,Fox_Cr,44,1.2247,88.4,1080.69,1.2335,1.2304,8.800000000000141,0.9922900000000001,8.800000000000141,3.1000000000001027
424,2025-09-26,SFP_Wolf_Cr,23,1.2349,88.36,1092.88,1.2384,1.2378,3.4999999999998366,1.00452,3.4999999999998366,0.5999999999999339
425,2025-09-26,GO_Cr,51,1.1954,88.74,1069.6,1.2043,1.2017,8.899999999999908,0.98086,8.899999999999908,2.5999999999999357
426,2025-09-26,Avalanche_Cr,29,1.2492,88.5,1136.8,1.2561,1.2546,6.899999999999906,1.0483,6.899999999999906,1.5000000000000568
427,2025-09-26,HP,FC20,1.2494,88.2,1111.12,1.2557,1.255,6.299999999999972,1.0229199999999998,6.299999999999972,0.700000000000145
428,2025-09-26,SFP_Chap,55,1.2267,88.51,1090.22,1.2302,1.2284,3.5000000000000586,1.00171,3.5000000000000586,1.8000000000000238
429,2025-09-26,Warm_Sp,10,1.2152,88.36,1108.05,1.2202,1.2189,4.999999999999893,1.01969,4.999999999999893,1.2999999999998568
430,2025-09-26,SFP_BJ,7,1.2154,88.52,1119.17,1.219,1.2183,3.6000000000000476,1.03065,3.6000000000000476,0.700000000000145
431,2025-09-26,BJ_Cr,36,1.2146,87.84,1103.23,1.2176,1.216,3.0000000000001137,1.01539,3.0000000000001137,1.6000000000000458
432,2025-09-26,SFP_DW,12,1.1994,88.46,1083.7,1.2035,1.2026,4.0999999999999925,0.99524,4.0999999999999925,0.9000000000001229
433,2025-09-26,SFP_Alder_Cr,41,1.1954,88.38,1123.35,1.1985,1.1969,3.0999999999998806,1.0349699999999997,3.0999999999998806,1.5999999999998238
434,2025-09-26,Canyon_Cr_Banner,38,1.2267,87.58,1076.76,1.2337,1.2329,7.000000000000117,0.98918,7.000000000000117,0.7999999999999119
435,2025-09-26,Canyon_Cr_DF2,HZ,1.2011,87.91,1099.57,1.2064,1.2046,5.29999999999986,1.01166,5.29999999999986,1.8000000000000238
436,2025-09-26,Canyon_Cr_DF8,43,1.2296,88.83,1106.01,1.2375,1.236,7.900000000000018,1.01718,7.900000000000018,1.5000000000000568
437,2025-09-26,Canyon_Cr_DF5,16,1.2291,88.81,1084.96,1.2327,1.232,3.5999999999998256,0.9961500000000001,3.5999999999998256,0.6999999999999229
438,2025-09-26,Canyon_Cr_DF4,33,1.24,88.07,1061.91,1.2444,1.2434,4.3999999999999595,0.9738400000000001,4.3999999999999595,0.9999999999998899
439,2025-09-26,Canyon_Cr_slump1,8,1.2392,89.61,1105.27,1.2467,1.2458,7.49999999999984,1.01566,7.49999999999984,0.8999999999999009
440,2025-10-04,SFP_DW,47,1.2298,88.4,1107.13,1.3175,1.3074,87.69999999999989,1.0187300000000001,87.69999999999989,10.099999999999998
441,2025-10-04,BJ_Cr,5,1.2219,88.73,1093.84,1.2236,1.2223,1.7000000000000348,1.00511,1.7000000000000348,1.3000000000000789
442,2025-10-04,SFP_BJ,48,1.2314,88.73,1081.82,1.2977,1.2915,66.30000000000003,0.9930899999999999,66.30000000000003,6.199999999999983
443,2025-10-04,Warm_Sp,20,1.195,88.46,1116.93,1.2588,1.2549,63.799999999999855,1.02847,63.799999999999855,3.9000000000000146
444,2025-10-04,SFP_Chap,59,1.2262,88.2,1120.05,1.2764,1.2706,50.200000000000024,1.03185,50.200000000000024,5.800000000000027
445,2025-10-04,Fox_Cr,25,1.2313,87.58,1090.86,1.242,1.2391,10.699999999999932,1.00328,10.699999999999932,2.8999999999999027
446,2025-10-04,SFP_Wolf_Cr,4,1.2381,87.83,1118.06,1.2863,1.2808,48.20000000000002,1.03023,48.20000000000002,5.50000000000006
447,2025-10-04,Canyon_Cr_SFP,11,1.2195,88.39,1107.52,1.408,1.3886,188.4999999999999,1.01913,188.4999999999999,19.399999999999864
448,2025-10-04,SFP_Canyon_Cr,40,1.2403,89.61,1115.18,1.2507,1.2491,10.399999999999965,1.02557,10.399999999999965,1.5999999999998238
449,2025-10-04,SH_Cr,39,1.2347,88.83,1088.59,1.329,1.3231,94.30000000000005,0.9997599999999999,94.30000000000005,5.900000000000016
450,2025-10-04,Camp_Cr,68,1.2264,88.8,1091.0,1.2308,1.2286,4.3999999999999595,1.0022,4.3999999999999595,2.1999999999999797
451,2025-10-04,Bear_Cr,34,1.1982,87.73,1099.97,1.2006,1.1995,2.3999999999999577,1.01224,2.3999999999999577,1.0999999999998789
452,2025-10-04,SFP_Wapiti,18,1.2445,88.35,1106.54,1.2537,1.2524,9.200000000000097,1.01819,9.200000000000097,1.3000000000000789
453,2025-10-04,Wapiti_Cr,13,1.1979,87.47,1114.14,1.2112,1.2089,13.30000000000009,1.02667,13.30000000000009,2.2999999999999687
454,2025-10-04,SFP_Alder_Cr,"57,FC11",2.4245,102.86,1080.07,2.7736,2.7305,349.09999999999997,0.9772099999999999,349.09999999999997,43.099999999999916
455,2025-10-05,Chapman_Cr,53,1.2195,88.28,1038.67,1.2725,1.2665,52.999999999999936,0.9503900000000001,52.999999999999936,6.000000000000005
456,2025-10-10,SFP_DW,FC10,1.2387,87.46,1091.11,1.2497,1.2475,11.00000000000012,1.00365,11.00000000000012,2.1999999999999797
457,2025-10-10,SFP_Wapiti,FC13,1.202,88.38,1068.99,1.2048,1.2048,2.8000000000001357,0.98061,2.8000000000001357,0.0
458,2025-10-10,Bear_Cr,FC4,1.1915,88.34,1033.75,1.1934,1.1934,1.9000000000000128,0.94541,1.9000000000000128,0.0
459,2025-10-10,SH_Cr,FC12,1.2205,88.06,1096.3,1.2605,1.2572,40.000000000000036,1.00824,40.000000000000036,3.2999999999998586
460,2025-10-10,Camp_Cr,FC14,1.2144,88.8,1119.55,1.2241,1.2221,9.700000000000042,1.03075,9.700000000000042,2.0000000000000018
461,2025-10-10,Canyon_Cr_SFP,FC16,1.202,87.88,1113.98,1.258,1.2529,56.00000000000005,1.0261,56.00000000000005,5.1000000000001044
462,2025-10-10,SFP_Canyon_Cr,FC18,1.1849,88.2,1114.13,1.1882,1.1885,3.2999999999998586,1.02593,3.2999999999998586,-0.29999999999996696
463,2025-10-10,Fox_Cr,1,1.2094,88.39,1112.15,1.215,1.2135,5.600000000000049,1.02376,5.600000000000049,1.5000000000000568
464,2025-10-10,SFP_Wolf_Cr,49,1.2215,88.46,1114.79,1.2337,1.2329,12.199999999999989,1.02633,12.199999999999989,0.7999999999999119
465,2025-10-10,Canyon_Cr_Banner,R21,1.2385,88.83,1101.57,1.2424,1.2426,3.9000000000000146,1.01274,3.9000000000000146,-0.19999999999997797
466,2025-10-10,Canyon_Cr_DF5,FC19,1.2003,89.74,1117.4,1.2128,1.211,12.500000000000178,1.02766,12.500000000000178,1.8000000000000238
467,2025-10-10,Canyon_Cr_slump1,2,1.2298,88.49,1113.33,1.3056,1.2974,75.8000000000001,1.02484,75.8000000000001,8.199999999999985
468,2025-10-10,HP,9,1.1962,87.45,1119.05,1.2576,1.2535,61.40000000000012,1.0315999999999999,61.40000000000012,4.0999999999999925
469,2025-10-10,Avalanche_Cr,28,1.2414,87.57,1119.22,1.3137,1.3125,72.30000000000003,1.0316500000000002,72.30000000000003,1.2000000000000899
470,2025-10-10,GO_Cr,37,1.2136,88.5,1081.19,1.2424,1.2404,28.799999999999937,0.9926900000000001,28.799999999999937,2.0000000000000018
471,2025-10-10,SFP_Chap,46,1.2326,89.0,1139.29,1.2434,1.2429,10.800000000000143,1.05029,10.800000000000143,0.500000000000167
472,2025-10-10,Warm_Sp,31,1.2265,87.91,1112.58,1.2433,1.2419,16.800000000000146,1.0246699999999997,16.800000000000146,1.4000000000000679
473,2025-10-10,SFP_BJ,32,1.2102,87.83,1141.43,1.2267,1.226,16.499999999999957,1.0536,16.499999999999957,0.6999999999999229
474,2025-10-10,BJ_Cr,14,1.2083,88.52,1091.57,1.2113,1.2099,3.0000000000001137,1.00305,3.0000000000001137,1.4000000000000679
475,2025-10-10,SFP_Alder_Cr,FC17,1.222,88.73,1108.92,1.2311,1.2303,9.100000000000108,1.0201900000000002,9.100000000000108,0.8000000000001339
476,2025-12-04,SFP_Wapiti,9,1.1973,88.54,1121.15,1.201,1.2001,3.7000000000000366,1.03261,3.7000000000000366,0.9000000000001229
477,2025-12-04,Bear_Cr,46,1.2344,87.57,1023.01,1.2367,1.2358,2.2999999999999687,0.93544,2.2999999999999687,0.8999999999999009
478,2025-12-04,SH_Cr,FC10,1.2387,88.85,1077.43,1.2426,1.2419,3.9000000000000146,0.98858,3.9000000000000146,0.6999999999999229
479,2025-12-04,Camp_Cr,FC4,1.1908,88.73,1057.0,1.1929,1.1925,2.0999999999999908,0.96827,2.0999999999999908,0.400000000000178
480,2025-12-04,Canyon_Cr_SFP,FC19,1.2004,88.09,1060.58,1.3088,1.3025,108.40000000000005,0.9724899999999999,108.40000000000005,6.299999999999972
481,2025-12-04,SFP_Canyon_Cr,68,1.2276,88.46,1064.47,1.2297,1.2297,2.0999999999999908,0.97601,2.0999999999999908,0.0
482,2025-12-04,Fox_Cr,18,1.2438,89.07,1103.77,1.2552,1.2525,11.400000000000077,1.0147,11.400000000000077,2.7000000000001467
483,2025-12-04,SFP_Wolf_Cr,11,1.2169,87.84,1132.3,1.2218,1.2213,4.899999999999904,1.04446,4.899999999999904,0.49999999999994493
484,2025-12-04,SFP_Chap,5,1.2231,88.36,1093.4,1.2269,1.226,3.8000000000000256,1.0050400000000002,3.8000000000000256,0.9000000000001229
485,2025-12-04,Warm_Sp,48,1.2322,87.45,1091.36,1.2396,1.2389,7.400000000000073,1.0039099999999999,7.400000000000073,0.700000000000145
486,2025-12-04,SFP_BJ,20,1.1938,88.52,1122.37,1.1989,1.1981,5.1000000000001044,1.03385,5.1000000000001044,0.8000000000001339
487,2025-12-04,BJ_Cr,53,1.2176,88.39,1083.29,1.2193,1.2173,1.7000000000000348,0.9949,1.7000000000000348,2.0000000000000018
488,2025-12-04,SFP_DW,13,1.1976,87.89,1114.74,1.2016,1.2009,4.0000000000000036,1.0268499999999998,4.0000000000000036,0.6999999999999229
489,2025-12-04,SFP_Alder_Cr,FC11,1.2117,88.34,1129.21,1.2137,1.213,2.0000000000000018,1.0408700000000002,2.0000000000000018,0.6999999999999229
490,2026-02-07,SFP_Alder_Cr,45,1.2326,88.51,1162.78,1.2374,1.2361,4.8000000000001375,1.07427,4.8000000000001375,1.3000000000000789
491,2026-02-07,SFP_DW,43,1.2275,88.44,1061.48,1.2305,1.2296,2.9999999999998916,0.97304,2.9999999999998916,0.8999999999999009
492,2026-02-07,SH_Cr,FC13,1.2009,87.44,1113.19,1.2125,1.2113,11.599999999999833,1.02575,11.599999999999833,1.1999999999998678
493,2026-02-07,Camp_Cr,FC12,1.2206,88.99,1108.68,1.2271,1.2261,6.500000000000172,1.01969,6.500000000000172,1.000000000000112
494,2026-02-07,Canyon_Cr_SFP,1,1.2086,87.56,1139.92,1.3002,1.299,91.60000000000012,1.0523600000000002,91.60000000000012,1.2000000000000899
495,2026-02-07,SFP_Canyon_Cr,HZ,1.2023,88.33,1164.74,1.2039,1.2033,1.6000000000000458,1.07641,1.6000000000000458,0.5999999999999339
496,2026-02-07,SFP_Wolf_Cr,31,1.2275,88.18,1113.9,1.2309,1.2297,3.4000000000000696,1.02572,3.4000000000000696,1.2000000000000899
497,2026-02-07,Fox_Cr,4,1.2355,87.89,1086.22,1.245,1.2423,9.500000000000064,0.99833,9.500000000000064,2.7000000000001467
498,2026-02-07,SFP_Chap,38,1.2285,88.38,1138.92,1.2314,1.2306,2.9000000000001247,1.05054,2.9000000000001247,0.8000000000001339
499,2026-02-07,Warm_Sp,58,1.2172,87.87,1140.6,1.2235,1.2232,6.299999999999972,1.05273,6.299999999999972,0.29999999999996696
500,2026-02-07,SFP_BJ,8,1.2414,88.79,1143.46,1.2472,1.246,5.800000000000027,1.05467,5.800000000000027,1.2000000000000899
501,2026-02-07,BJ_Cr,FC16,1.2042,88.36,1110.25,1.2056,1.2038,1.4000000000000679,1.02189,1.4000000000000679,1.8000000000000238
502,2026-03-08,SH_Cr,FC18,1.1867,88.45,1089.31,1.1889,1.188,2.1999999999999797,1.0008599999999999,2.1999999999999797,0.9000000000001229
503,2026-03-08,Camp_Cr,-9999,-9999,-9999,-9999,-9999,-9999,-9999,-9999,-9999,-9999
504,2026-03-08,Canyon_Cr_SFP,47,1.2284,88.73,1085.64,1.2432,1.242,14.800000000000146,0.9969100000000001,14.800000000000146,1.2000000000000899
505,2026-03-08,SFP_Canyon_Cr,59,1.2258,87.97,1057.31,1.2279,1.227,2.0999999999999908,0.9693399999999999,2.0999999999999908,0.8999999999999009
506,2026-03-08,SFP_Wolf_Cr,10,1.2157,88.5,1088.9,1.2167,1.2162,0.9999999999998899,1.0004000000000002,0.9999999999998899,0.49999999999994493
507,2026-03-08,Fox_Cr,49,1.2215,88.33,1085.09,1.2273,1.2267,5.800000000000027,0.9967599999999999,5.800000000000027,0.600000000000156
508,2026-03-08,SFP_Chap,FC17,1.222,89.0,1129.72,1.2232,1.2224,1.2000000000000899,1.04072,1.2000000000000899,0.8000000000001339
509,2026-03-08,Warm_Sp,14,1.2093,87.46,1124.12,1.2126,1.2119,3.2999999999998586,1.03666,3.2999999999998586,0.6999999999999229
510,2026-03-08,SFP_BJ,25,1.231,87.44,1131.04,1.2338,1.2334,2.7999999999999137,1.0435999999999999,2.7999999999999137,0.39999999999995595
511,2026-03-08,BJ_Cr,2,1.2308,88.39,1117.64,1.2321,1.2306,1.3000000000000789,1.02925,1.3000000000000789,1.5000000000000568
512,2026-03-08,SFP_DW,R21,1.2397,87.84,1116.28,1.2424,1.242,2.6999999999999247,1.02844,2.6999999999999247,0.39999999999995595
513,2026-03-08,SFP_Alder_Cr,28,1.2404,88.33,1138.94,1.2436,1.2427,3.2000000000000917,1.05061,3.2000000000000917,0.9000000000001229
514,2026-04-11,HP,29,1.2493,87.89,1136.69,1.5245,1.4969,275.1999999999999,1.0488,275.1999999999999,27.60000000000007
515,2026-04-11,Avalanche_Cr,FC14,1.2143,87.56,1100.03,1.7847,1.7527,570.4,1.01247,570.4,32.00000000000003
516,2026-04-11,SFP_Wapiti,FC20,1.2507,88.19,1113.59,1.3184,1.3121,67.70000000000009,1.0253999999999999,67.70000000000009,6.299999999999972
517,2026-04-11,Bear_Cr,16,1.2281,89.58,1146.36,1.2586,1.2559,30.49999999999997,1.05678,30.49999999999997,2.6999999999999247
518,2026-04-11,SH_Cr,6,1.2356,88.99,1133.58,1.2962,1.289,60.59999999999999,1.04459,60.59999999999999,7.200000000000095
519,2026-04-11,Camp_Cr,33,1.2388,87.44,1014.6,1.281,1.2764,42.20000000000002,0.9271600000000001,42.20000000000002,4.5999999999999375
520,2026-04-11,Canyon_Cr_SFP,55,1.2252,88.87,1077.76,1.5036,1.4796,278.4,0.9888899999999999,278.4,24.00000000000002
521,2026-04-11,SFP_Canyon_Cr,7,1.2129,88.38,1165.6,1.2906,1.2827,77.69999999999987,1.0772199999999998,77.69999999999987,7.900000000000018
522,2026-04-11,Fox_Cr,51,1.1953,88.34,1124.04,1.2249,1.2189,29.600000000000072,1.0357,29.600000000000072,6.000000000000005
523,2026-04-11,SFP_Wolf_Cr,23,1.2356,87.46,1153.4,1.3803,1.3635,144.70000000000005,1.06594,144.70000000000005,16.800000000000146
524,2026-04-11,SFP_Chap,32,1.2103,88.72,1158.18,1.3247,1.3141,114.40000000000006,1.06946,114.40000000000006,10.599999999999943
525,2026-04-11,Warm_Sp,1,1.217,88.5,1138.09,1.4366,1.4272,219.60000000000002,1.04959,219.60000000000002,9.400000000000075
526,2026-04-11,SFP_BJ,39,1.2348,87.87,1122.36,1.4093,1.395,174.5000000000001,1.0344899999999997,174.5000000000001,14.29999999999998
527,2026-04-11,BJ_Cr,34,1.1972,88.27,1122.96,1.2001,1.1979,2.8999999999999027,1.03469,2.8999999999999027,2.1999999999999797
528,2026-04-11,SFP_DW,37,1.2144,88.34,1133.67,1.3378,1.3242,123.40000000000018,1.04533,123.40000000000018,13.600000000000056
529,2026-04-11,SFP_Alder_Cr,40,1.2384,87.97,1128.68,1.342,1.3284,103.60000000000014,1.04071,103.60000000000014,13.600000000000056
530,2026-04-11,SFP_Alder_Cr_AM,27,1.2342,87.83,1148.56,1.3014,1.2933,67.19999999999993,1.06073,67.19999999999993,8.099999999999996
531,2026-04-11,SFP_DW_AM,17,1.2229,88.51,1153.49,1.3333,1.3199,110.39999999999984,1.06498,110.39999999999984,13.399999999999856
532,2026-05-11,HP,FC19,1.2008,88.34,1147.86,1.3904,1.3747,189.6,1.05952,189.6,15.700000000000047
533,2026-05-11,Avalanche_Cr,68,1.2286,89.61,1096.01,1.5087,1.4974,280.1,1.0064,280.1,11.299999999999866
534,2026-05-11,GO_Cr,20,1.1955,88.85,1089.65,1.4523,1.4307,256.7999999999999,1.0008000000000001,256.7999999999999,21.59999999999984
535,2026-05-11,SFP_Wapiti,FC10,1.2397,87.45,1142.85,1.2848,1.281,45.099999999999916,1.0554,45.099999999999916,3.8000000000000256
536,2026-05-11,Bear_Cr,18,1.2436,88.19,1129.71,1.3347,1.3293,91.09999999999997,1.04152,91.09999999999997,5.400000000000071
537,2026-05-11,SH_Cr,5,1.2219,88.53,1074.72,1.4934,1.4806,271.50000000000006,0.98619,271.50000000000006,12.800000000000145
538,2026-05-11,Camp_Cr,FC11,1.2125,88.39,1133.81,1.227,1.2246,14.50000000000018,1.0454199999999998,14.50000000000018,2.4000000000001798
539,2026-05-11,Canyon_Cr_SFP,9,1.196,87.56,1084.02,1.5002,1.486,304.20000000000005,0.99646,304.20000000000005,14.19999999999999
540,2026-05-11,SFP_Canyon_Cr,11,1.2191,88.99,1139.21,1.2829,1.2788,63.799999999999855,1.05022,63.799999999999855,4.0999999999999925
541,2026-05-11,Fox_Cr,13,1.1983,87.89,1120.47,1.2119,1.2094,13.600000000000056,1.0325799999999998,13.600000000000056,2.4999999999999467
542,2026-05-11,SFP_Wolf_Cr,53,1.2179,88.33,1159.34,1.3328,1.3247,114.9,1.07101,114.9,8.099999999999996
543,2026-05-11,SFP_Chap,FC4,1.1917,87.87,1132.07,1.2846,1.2769,92.89999999999998,1.0441999999999998,92.89999999999998,7.70000000000004
544,2026-05-11,Warm_Sp,48,1.2317,87.97,1139.53,1.524,1.5176,292.3,1.05156,292.3,6.399999999999961
545,2026-05-11,SFP_BJ,46,1.2336,88.45,1143.06,1.3712,1.3632,137.59999999999994,1.0546099999999998,137.59999999999994,8.000000000000007
546,2026-05-11,BJ_Cr,12,1.2,88.72,1067.11,1.2027,1.2009,2.7000000000001467,0.9783899999999999,2.7000000000001467,1.8000000000000238
547,2026-05-11,SFP_DW,44,1.2252,88.51,1137.62,1.3338,1.3266,108.60000000000002,1.04911,108.60000000000002,7.200000000000095
548,2026-05-11,SFP_Alder_Cr,36,1.2127,87.83,1129.44,1.3106,1.304,97.90000000000009,1.0416100000000001,97.90000000000009,6.599999999999939
549,2026-06-13,SFP_Wapiti,1,1.2094,87.87,1157.55,1.2149,1.2139,5.50000000000006,1.0696799999999997,5.50000000000006,1.000000000000112
550,2026-06-13,Bear_Cr,HZ,1.2027,88.33,1142.73,1.2096,1.2088,6.899999999999906,1.0544,6.899999999999906,0.7999999999999119
551,2026-06-13,SH_Cr,38,1.2306,87.56,1118.04,1.2342,1.2329,3.6000000000000476,1.03048,3.6000000000000476,1.2999999999998568
552,2026-06-13,Camp_Cr,45,1.2331,88.99,1084.82,1.242,1.2408,8.899999999999908,0.9958299999999999,8.899999999999908,1.2000000000000899
553,2026-06-13,Canyon_Cr_SFP,FC16,1.204,88.85,1122.14,1.2216,1.2198,17.60000000000006,1.0332900000000003,17.60000000000006,1.8000000000000238
554,2026-06-13,SFP_Canyon_Cr,FC17,1.2224,88.53,1130.53,1.2276,1.2265,5.200000000000093,1.042,5.200000000000093,1.100000000000101
555,2026-06-13,Fox_Cr,14,1.21,88.39,1073.72,1.2147,1.2131,4.6999999999999265,0.98533,4.6999999999999265,1.5999999999998238
556,2026-06-13,SFP_Wolf_Cr,49,1.2195,87.45,1112.98,1.2271,1.2257,7.600000000000051,1.02553,7.600000000000051,1.4000000000000679
557,2026-06-13,HP,2,1.2308,88.34,1085.25,1.2333,1.2326,2.5000000000001688,0.99691,2.5000000000001688,0.700000000000145
558,2026-06-13,Avalanche_Cr,25,1.2317,88.72,1136.42,1.2331,1.2323,1.4000000000000679,1.0477,1.4000000000000679,0.8000000000001339
559,2026-06-13,GO_Cr,4,1.2388,88.19,989.96,1.2406,1.2396,1.8000000000000238,0.90177,1.8000000000000238,0.9999999999998899
560,2026-06-13,SFP_Chap,FC12,1.2218,87.83,1133.33,1.2278,1.2265,6.000000000000005,1.0455,6.000000000000005,1.3000000000000789
561,2026-06-13,Warm_Sp,FC13,1.2018,89.61,1139.92,1.2057,1.2053,3.9000000000000146,1.05031,3.9000000000000146,0.39999999999995595
562,2026-06-13,SFP_BJ,47,1.23,88.51,1116.7,1.238,1.237,8.000000000000007,1.0281900000000002,8.000000000000007,0.9999999999998899
563,2026-06-13,BJ_Cr,8,1.2399,87.89,1102.14,1.242,1.24,2.0999999999999908,1.01425,2.0999999999999908,2.0000000000000018
564,2026-06-13,SFP_DW,R21,1.241,87.97,1140.07,1.2508,1.2495,9.799999999999809,1.0520999999999998,9.799999999999809,1.2999999999998568
565,2026-06-13,SFP_Alder_Cr,31,1.2273,88.45,1136.51,1.2391,1.2375,11.800000000000033,1.04806,11.800000000000033,1.6000000000000458
566,2026-07-10,SFP_Wapiti,RC15,1.2354,87.88,1090.31,1.2379,1.2364,2.4999999999999467,1.00243,2.4999999999999467,1.5000000000000568
567,2026-07-10,Bear_Cr,32,1.1959,87.47,1070.79,1.1984,1.198,2.4999999999999467,0.98332,2.4999999999999467,0.39999999999995595
568,2026-07-10,SH_Cr,41,1.1952,88.54,1073.92,1.1985,1.1975,3.2999999999998586,0.9853800000000001,3.2999999999998586,0.9999999999998899
569,2026-07-10,Camp_Cr,RC8,1.2062,88.86,1102.53,1.212,1.2105,5.800000000000027,1.0136699999999998,5.800000000000027,1.5000000000000568
570,2026-07-10,Canyon_Cr_SFP,FC9,1.2231,88.47,1131.77,1.2334,1.2315,10.299999999999976,1.0433,10.299999999999976,1.9000000000000128
571,2026-07-10,SFP_Canyon_Cr,FC15,1.2419,87.46,1138.26,1.2449,1.2439,2.9999999999998916,1.0508,2.9999999999998916,0.9999999999998899
572,2026-07-10,Fox_Cr,FC29,1.0847,89.62,1097.08,1.0885,1.0873,3.8000000000000256,1.00746,3.8000000000000256,1.2000000000000899
573,2026-07-10,SFP_Wolf_Cr,FC18,1.1851,88.29,1140.23,1.189,1.1883,3.9000000000000146,1.05194,3.9000000000000146,0.700000000000145
574,2026-07-10,HP,59,1.2242,87.99,1126.26,1.2276,1.2264,3.4000000000000696,1.03827,3.4000000000000696,1.2000000000000899
575,2026-07-10,Avalanche_Cr,4,1.2142,87.91,1117.66,1.2158,1.2151,1.6000000000000458,1.02975,1.6000000000000458,0.6999999999999229
576,2026-07-10,GO_Cr,FC27,1.2441,88.4,1074.02,1.2464,1.2452,2.2999999999999687,0.98562,2.2999999999999687,1.1999999999998678
577,2026-07-10,SFP_Chap,43,1.2288,88.21,1110.36,1.2333,1.2321,4.5000000000001705,1.02215,4.5000000000001705,1.2000000000000899
578,2026-07-10,Warm_Sp,10,1.215,88.36,1142.65,1.221,1.2202,6.000000000000005,1.0542900000000002,6.000000000000005,0.8000000000001339
579,2026-07-10,SFP_BJ,58,1.216,89.02,1126.49,1.2221,1.2209,6.099999999999994,1.0374700000000001,6.099999999999994,1.1999999999998678
580,2026-07-10,BJ_Cr,7,1.2,87.57,1008.27,1.2014,1.2002,1.4000000000000679,0.9207000000000001,1.4000000000000679,1.2000000000000899
581,2026-07-10,SFP_DW,FC26,1.212,87.85,1120.9,1.2176,1.2158,5.600000000000049,1.0330500000000002,5.600000000000049,1.8000000000000238
582,2026-07-10,SFP_Alder_Cr,28,1.2417,88.52,1136.94,1.2797,1.2755,38.000000000000036,1.0484200000000001,38.000000000000036,4.1999999999999815
583,2026-07-31,SFP_Wapiti,HZ,1.1874,87.95,1124.17,1.3474,1.3412,159.99999999999991,1.03622,159.99999999999991,6.199999999999983
584,2026-07-31,Bear_Cr,FC20,1.2352,87.89,1111.53,1.3253,1.3233,90.09999999999985,1.0236399999999999,90.09999999999985,2.0000000000000018
585,2026-07-31,SH_Cr,FC14,1.1995,88.33,1081.08,1.2013,1.2005,1.8000000000000238,0.9927499999999999,1.8000000000000238,0.8000000000001339
586,2026-07-31,Camp_Cr,27,1.2195,87.91,1112.95,1.2223,1.2216,2.7999999999999137,1.02504,2.7999999999999137,0.6999999999999229
587,2026-07-31,Canyon_Cr_SFP,47,1.2147,88.38,1128.62,1.3356,1.3293,120.9,1.0402399999999998,120.9,6.299999999999972
588,2026-07-31,SFP_Canyon_Cr,34,1.1827,88.53,1116.02,2.0069,1.9983,824.1999999999998,1.02749,824.1999999999998,8.599999999999941
589,2026-07-31,Fox_Cr,37,1.1982,88.35,1092.37,1.1996,1.199,1.4000000000000679,1.00402,1.4000000000000679,0.5999999999999339
590,2026-07-31,SFP_Wolf_Cr,6,1.2221,87.43,1126.54,1.6601,1.652,437.99999999999994,1.03911,437.99999999999994,8.099999999999996
591,2026-07-31,HP,51,1.1792,87.84,1132.66,1.3256,1.3218,146.39999999999986,1.04482,146.39999999999986,3.7999999999998035
592,2026-07-31,Avalanche_Cr,16,1.2136,88.27,1140.21,1.2139,1.2137,0.29999999999996696,1.05194,0.29999999999996696,0.19999999999997797
593,2026-07-31,GO_Cr,17,1.2084,88.71,1069.7,1.2104,1.2098,2.0000000000000018,0.98099,2.0000000000000018,0.5999999999999339
594,2026-07-31,SFP_Chap,23,1.2193,87.45,1107.85,1.4712,1.4635,251.9,1.0204,251.9,7.70000000000004
595,2026-07-31,Warm_Sp,39,1.2184,88.44,1098.37,1.2198,1.2196,1.4000000000000679,1.0099299999999998,1.4000000000000679,0.19999999999997797
596,2026-07-31,SFP_BJ,29,1.2347,87.53,1106.06,2.5702,2.5598,1335.5,1.01853,1335.5,10.399999999999743
597,2026-07-31,BJ_Cr,1,1.2008,88.99,1089.76,1.2033,1.2018,2.4999999999999467,1.00077,2.4999999999999467,1.5000000000000568
598,2026-07-31,SFP_DW,55,1.2101,88.86,1119.81,1.3147,1.3078,104.60000000000002,1.03095,104.60000000000002,6.899999999999906
599,2026-07-31,SFP_Alder_Cr,33,1.2232,88.53,1108.81,1.2699,1.266,46.69999999999996,1.02028,46.69999999999996,3.9000000000000146
600,2026-08-06,SFP_Wapiti,25,1.2248,89.01,1074.28,1.3017,1.3002,76.89999999999996,0.98527,76.89999999999996,1.5000000000000568
601,2026-08-06,Bear_Cr,FC12,1.2146,87.84,1130.7,1.2367,1.2355,22.10000000000001,1.0428600000000001,22.10000000000001,1.1999999999998678
602,2026-08-06,SH_Cr,FC17,1.2162,88.73,1100.74,1.2174,1.217,1.2000000000000899,1.01201,1.2000000000000899,0.39999999999995595
603,2026-08-06,Camp_Cr,FC26,1.2072,87.53,1112.36,1.2102,1.2093,2.9999999999998916,1.02483,2.9999999999998916,0.8999999999999009
604,2026-08-06,Canyon_Cr_SFP,2,1.2243,87.45,1060.33,1.2941,1.2907,69.80000000000008,0.9728799999999999,69.80000000000008,3.4000000000000696
605,2026-08-06,SFP_Canyon_Cr,38,1.2257,89.61,1137.21,1.4605,1.4571,234.7999999999999,1.0476,234.7999999999999,3.3999999999998476
606,2026-08-06,Fox_Cr,RC8,1.1983,88.33,1099.74,1.1994,1.1986,1.100000000000101,1.01141,1.100000000000101,0.7999999999999119
607,2026-08-06,SFP_Wolf_Cr,32,1.2056,88.34,1136.23,1.386,1.3829,180.3999999999999,1.0478900000000002,180.3999999999999,3.0999999999998806
608,2026-08-06,HP,41,1.1886,88.87,1133.05,1.2093,1.2081,20.69999999999994,1.0441799999999999,20.69999999999994,1.2000000000000899
609,2026-08-06,Avalanche_Cr,4,1.2096,87.9,1104.4,1.2106,1.2099,0.9999999999998899,1.0165000000000002,0.9999999999998899,0.6999999999999229
610,2026-08-06,GO_Cr,58,1.209,88.44,1095.88,1.2101,1.2095,1.0999999999998789,1.0074400000000001,1.0999999999998789,0.5999999999999339
611,2026-08-06,SFP_Chap,43,1.2247,88.36,1137.59,1.3837,1.3799,159.00000000000003,1.04923,159.00000000000003,3.8000000000000256
612,2026-08-06,Warm_Sp,31,1.2208,88.21,1139.28,1.2217,1.2216,0.8999999999999009,1.05107,0.8999999999999009,0.09999999999998899
613,2026-08-06,SFP_BJ,FC16,1.2329,87.47,1135.19,1.7347,1.7291,501.7999999999998,1.04772,501.7999999999998,5.599999999999827
614,2026-08-06,BJ_Cr,FC9,1.2168,88.55,1083.6,1.2182,1.2163,1.3999999999998458,0.99505,1.3999999999998458,1.9000000000000128
615,2026-08-06,SFP_DW,FC27,1.2377,87.98,1116.23,1.2803,1.2748,42.59999999999997,1.02825,42.59999999999997,5.50000000000006
616,2026-08-06,SFP_Alder_Cr,49,1.2156,88.28,1136.24,1.2362,1.2341,20.59999999999995,1.04796,20.59999999999995,2.0999999999999908
