"","Sample","NOx Conc.","NOx STD","NOx DL","PO4 Conc.","PO4 STD","PO4 DL","NH3 Conc.","NH3 STD","NH3 DL"
"1",1,0.006,0.000625,0.000855956241201995,0.015,0.001875,0.000840509593971253,0.012,0.00075,0.00046393359832377
"2",2,0.004,0.000625,0.000855956241201995,0.017,0.001875,0.000840509593971253,0.005,0.00075,0.00046393359832377
"3",3,0.026,0.000625,0.000855956241201995,0.007,0.001875,0.000840509593971253,0.004,0.00075,0.00046393359832377
"4",4,0.004,0.000625,0.000855956241201995,0.004,0.001875,0.000840509593971253,0.012,0.00075,0.00046393359832377
"5",5,0.002,0.000625,0.000855956241201995,0.004,0.001875,0.000840509593971253,0.005,0.00075,0.00046393359832377
"6",6,0.002,0.000625,0.000855956241201995,0.003,0.001875,0.000840509593971253,0.008,0.00075,0.00046393359832377
"7",12,0.011,0.000625,0.000855956241201995,0.001,0.001875,0.000840509593971253,0.006,0.00075,0.00046393359832377
"8",15,0.015,0.000625,0.000855956241201995,-0.001,0.001875,0.000840509593971253,0.005,0.00075,0.00046393359832377
"9",16,0,0.000625,0.000855956241201995,0.009,0.001875,0.000840509593971253,0.006,0.00075,0.00046393359832377
"10",17,0.001,0.000625,0.000855956241201995,0.0105,0.001875,0.000840509593971253,0.009,0.00075,0.00046393359832377
"11",18,0.003,0.000625,0.000855956241201995,0.006,0.001875,0.000840509593971253,0.011,0.00075,0.00046393359832377
"12",19,0.002,0.000625,0.000855956241201995,0.007,0.001875,0.000840509593971253,0.015,0.00075,0.00046393359832377
"13",20,0.002,0.000625,0.000855956241201995,0.003,0.001875,0.000840509593971253,0.008,0.00075,0.00046393359832377
"14",21,0.008,0.000625,0.000855956241201995,0.003,0.001875,0.000840509593971253,0.006,0.00075,0.00046393359832377
"15",22,0.015,0.000625,0.000855956241201995,0.002,0.001875,0.000840509593971253,0.006,0.00075,0.00046393359832377
"16",23,0.023,0.000625,0.000855956241201995,0.003,0.001875,0.000840509593971253,0.008,0.00075,0.00046393359832377
"17",24,0.023,0.000625,0.000855956241201995,0.007,0.001875,0.000840509593971253,0.062,0.00075,0.00046393359832377
"18",25,0.02,0.000625,0.000855956241201995,0.005,0.001875,0.000840509593971253,0.006,0.00075,0.00046393359832377
"19",26,0.029,0.000625,0.000855956241201995,0.002,0.001875,0.000840509593971253,0.005,0.00075,0.00046393359832377
"20",27,0.0315,0.000625,0.000855956241201995,0,0.001875,0.000840509593971253,0.0045,0.00075,0.00046393359832377
"21",28,0.001,0.000625,0.000855956241201995,0.005,0.001875,0.000840509593971253,0.008,0.00075,0.00046393359832377
"22",29,0.006,0.000625,0.000855956241201995,0.02,0.001875,0.000840509593971253,0.004,0.00075,0.00046393359832377
"23",30,0.056,0.000625,0.000855956241201995,0.005,0.001875,0.000840509593971253,0.004,0.00075,0.00046393359832377
"24",31,0.035,0.000625,0.000855956241201995,0.015,0.001875,0.000840509593971253,0.005,0.00075,0.00046393359832377
"25",32,0.023,0.000625,0.000855956241201995,0.006,0.001875,0.000840509593971253,0.005,0.00075,0.00046393359832377
"26",33,0.006,0.000625,0.000855956241201995,0.002,0.001875,0.000840509593971253,0.015,0.00075,0.00046393359832377
"27",34,0.069,0.000625,0.000855956241201995,0,0.001875,0.000840509593971253,0.002,0.00075,0.00046393359832377
"28",35,0.001,0.000625,0.000855956241201995,0,0.001875,0.000840509593971253,0.002,0.00075,0.00046393359832377
"29",36,0.039,0.000625,0.000855956241201995,0.017,0.001875,0.000840509593971253,0.018,0.00075,0.00046393359832377
"30",37,0.046,0.000625,0.000855956241201995,0.003,0.001875,0.000840509593971253,0.002,0.00075,0.00046393359832377
"31",38,0.021,0.000625,0.000855956241201995,0.001,0.001875,0.000840509593971253,0.019,0.00075,0.00046393359832377
"32",39,0.034,0.000625,0.000855956241201995,0,0.001875,0.000840509593971253,0.004,0.00075,0.00046393359832377
"33",40,0.054,0.000625,0.000855956241201995,0.002,0.001875,0.000840509593971253,0.002,0.00075,0.00046393359832377
"34",41,0.031,0.000625,0.000855956241201995,-0.001,0.001875,0.000840509593971253,0.003,0.00075,0.00046393359832377
"35",42,0.025,0.000625,0.000855956241201995,-0.001,0.001875,0.000840509593971253,0.005,0.00075,0.00046393359832377
"36",43,0.019,0.000625,0.000855956241201995,0,0.001875,0.000840509593971253,0.007,0.00075,0.00046393359832377
"37",44,0.053,0.000625,0.000855956241201995,-0.002,0.001875,0.000840509593971253,0.016,0.00075,0.00046393359832377
"38",45,0.031,0.000625,0.000855956241201995,0.007,0.001875,0.000840509593971253,0.009,0.00075,0.00046393359832377
"39",46,0.085,0.000625,0.000855956241201995,-0.001,0.001875,0.000840509593971253,0.004,0.00075,0.00046393359832377
"40",47,0.021,0.000625,0.000855956241201995,0.069,0.001875,0.000840509593971253,0.0045,0.00075,0.00046393359832377
"41",48,0.026,0.000625,0.000855956241201995,-0.001,0.001875,0.000840509593971253,0.007,0.00075,0.00046393359832377
"42",49,0.019,0.000625,0.000855956241201995,0.008,0.001875,0.000840509593971253,0.023,0.00075,0.00046393359832377
"43",50,0.004,0.000625,0.000855956241201995,0,0.001875,0.000840509593971253,0.007,0.00075,0.00046393359832377
"44",51,0.029,0.000625,0.000855956241201995,0.01,0.001875,0.000840509593971253,0.013,0.00075,0.00046393359832377
"45",52,0.036,0.000625,0.000855956241201995,-0.001,0.001875,0.000840509593971253,0.006,0.00075,0.00046393359832377
"46",53,0.041,0.000625,0.000855956241201995,0.001,0.001875,0.000840509593971253,0.007,0.00075,0.00046393359832377
"47",54,0.105,0.000625,0.000855956241201995,-0.002,0.001875,0.000840509593971253,0.014,0.00075,0.00046393359832377
"48",55,0.046,0.000625,0.000855956241201995,0.007,0.001875,0.000840509593971253,0.079,0.00075,0.00046393359832377
"49",56,0.07,0.000625,0.000855956241201995,-0.001,0.001875,0.000840509593971253,0.006,0.00075,0.00046393359832377
"50",57,0.0645,0.000625,0.000855956241201995,0.009,0.001875,0.000840509593971253,0.0165,0.00075,0.00046393359832377
"51",58,0.037,0.000625,0.000855956241201995,0.004,0.001875,0.000840509593971253,0.016,0.00075,0.00046393359832377
"52",59,0.097,0.000625,0.000855956241201995,0.005,0.001875,0.000840509593971253,0.007,0.00075,0.00046393359832377
"53",60,0.09,0.000625,0.000855956241201995,0.007,0.001875,0.000840509593971253,0.014,0.00075,0.00046393359832377
"54",61,0.063,0.000625,0.000855956241201995,-0.002,0.001875,0.000840509593971253,0.004,0.00075,0.00046393359832377
"55",62,0.039,0.000625,0.000855956241201995,-0.001,0.001875,0.000840509593971253,0.008,0.00075,0.00046393359832377
"56",63,0.078,0.000625,0.000855956241201995,-0.004,0.001875,0.000840509593971253,0.014,0.00075,0.00046393359832377
"57",64,0.008,0.000625,0.000855956241201995,-0.001,0.001875,0.000840509593971253,0.007,0.00075,0.00046393359832377
"58",65,0.069,0.000625,0.000855956241201995,0.022,0.001875,0.000840509593971253,0.009,0.00075,0.00046393359832377
"59",66,0.083,0.000625,0.000855956241201995,0,0.001875,0.000840509593971253,0.006,0.00075,0.00046393359832377
"60",67,0.006,0.000625,0.000855956241201995,0.0105,0.001875,0.000840509593971253,0.004,0.00075,0.00046393359832377
"61",68,0.093,0.000625,0.000855956241201995,0.003,0.001875,0.000840509593971253,0.012,0.00075,0.00046393359832377
"62",69,0.076,0.000625,0.000855956241201995,0.004,0.001875,0.000840509593971253,0.009,0.00075,0.00046393359832377
"63",70,0.036,0.000625,0.000855956241201995,0.014,0.001875,0.000840509593971253,0.014,0.00075,0.00046393359832377
"64",71,0.073,0.000625,0.000855956241201995,0,0.001875,0.000840509593971253,0.012,0.00075,0.00046393359832377
"65",72,0.059,0.000625,0.000855956241201995,-0.002,0.001875,0.000840509593971253,0.01,0.00075,0.00046393359832377
"66",73,0.105,0.000625,0.000855956241201995,0.005,0.001875,0.000840509593971253,0.065,0.00075,0.00046393359832377
"67",74,0.055,0.000625,0.000855956241201995,0.003,0.001875,0.000840509593971253,0.006,0.00075,0.00046393359832377
"68",75,0.27,0.000625,0.000855956241201995,0.001,0.001875,0.000840509593971253,0.007,0.00075,0.00046393359832377
"69",76,0.247,0.000625,0.000855956241201995,0.003,0.001875,0.000840509593971253,0.011,0.00075,0.00046393359832377
"70",77,0.368,0.000625,0.000855956241201995,0.015,0.001875,0.000840509593971253,0.0625,0.00075,0.00046393359832377
"71",78,0.094,0.000625,0.000855956241201995,0.013,0.001875,0.000840509593971253,0.008,0.00075,0.00046393359832377
"72",79,0.054,0.000625,0.000855956241201995,0.001,0.001875,0.000840509593971253,0.025,0.00075,0.00046393359832377
"73",80,0.1,0.000625,0.000855956241201995,-0.001,0.001875,0.000840509593971253,0.008,0.00075,0.00046393359832377
"74",81,0.182,0.000625,0.000855956241201995,-0.001,0.001875,0.000840509593971253,0.006,0.00075,0.00046393359832377
"75",82,0.404,0.000625,0.000855956241201995,0.021,0.001875,0.000840509593971253,0.008,0.00075,0.00046393359832377
"76",83,0.086,0.000625,0.000855956241201995,0.003,0.001875,0.000840509593971253,0.007,0.00075,0.00046393359832377
"77",84,0.087,0.000625,0.000855956241201995,-0.001,0.001875,0.000840509593971253,0.007,0.00075,0.00046393359832377
"78",85,0.053,0.000625,0.000855956241201995,0.001,0.001875,0.000840509593971253,0.004,0.00075,0.00046393359832377
"79",86,0.104,0.000625,0.000855956241201995,-0.002,0.001875,0.000840509593971253,0.004,0.00075,0.00046393359832377
"80",87,0.0585,0.000625,0.000855956241201995,-0.0025,0.001875,0.000840509593971253,0.006,0.00075,0.00046393359832377
"81",88,0.105,0.000625,0.000855956241201995,-0.004,0.001875,0.000840509593971253,0.006,0.00075,0.00046393359832377
"82",89,0.028,0.000625,0.000855956241201995,0.005,0.001875,0.000840509593971253,0.005,0.00075,0.00046393359832377
"83",90,0.209,0.000625,0.000855956241201995,0.005,0.001875,0.000840509593971253,0.008,0.00075,0.00046393359832377
"84",91,0.264,0.000625,0.000855956241201995,0.006,0.001875,0.000840509593971253,0.005,0.00075,0.00046393359832377
"85",92,0.215,0.000625,0.000855956241201995,0.019,0.001875,0.000840509593971253,0.032,0.00075,0.00046393359832377
"86",93,0.108,0.000625,0.000855956241201995,0.019,0.001875,0.000840509593971253,0.075,0.00075,0.00046393359832377
"87",94,0.098,0.000625,0.000855956241201995,0.012,0.001875,0.000840509593971253,0.053,0.00075,0.00046393359832377
"88",95,0.116,0.000625,0.000855956241201995,0,0.001875,0.000840509593971253,0.013,0.00075,0.00046393359832377
"89",96,0.158,0.000625,0.000855956241201995,0,0.001875,0.000840509593971253,0.005,0.00075,0.00046393359832377
"90",97,0.35,0.000625,0.000855956241201995,0.025,0.001875,0.000840509593971253,0.009,0.00075,0.00046393359832377
