"","Sample","NOx Conc.","NOx STD","NOx DL","NH3 Conc.","NH3 STD","NH3 DL"
"1",1,0.007,3e-04,0.000386879060529916,2.466,0.0134,0.000826396281633936
"2",2,0.0065,3e-04,0.000386879060529916,0.578,0.0134,0.000826396281633936
"3",3,0.2345,3e-04,0.000386879060529916,0.297,0.0134,0.000826396281633936
"4",4,0.0545,3e-04,0.000386879060529916,0.397,0.0134,0.000826396281633936
"5",5,0.00925,3e-04,0.000386879060529916,1.808,0.0134,0.000826396281633936
"6",6,0.01,3e-04,0.000386879060529916,2.631,0.0134,0.000826396281633936
"7",7,0.006,3e-04,0.000386879060529916,1.38,0.0134,0.000826396281633936
"8",8,0.004,3e-04,0.000386879060529916,0.59,0.0134,0.000826396281633936
"9",9,0.008,3e-04,0.000386879060529916,2.592,0.0134,0.000826396281633936
"10",10,0.0045,3e-04,0.000386879060529916,0.6065,0.0134,0.000826396281633936
"11",11,0.0065,3e-04,0.000386879060529916,0.063,0.0134,0.000826396281633936
"12",15,0.0055,3e-04,0.000386879060529916,0.04,0.0134,0.000826396281633936
"13",23,0.015,3e-04,0.000386879060529916,0.531,0.0134,0.000826396281633936
"14",29,0.003,3e-04,0.000386879060529916,1.325,0.0134,0.000826396281633936
"15",34,0.0185,3e-04,0.000386879060529916,0.357,0.0134,0.000826396281633936
"16",36,0.0075,3e-04,0.000386879060529916,0.765,0.0134,0.000826396281633936
"17",37,0.0545,3e-04,0.000386879060529916,0.319,0.0134,0.000826396281633936
"18",38,0.0025,3e-04,0.000386879060529916,0.363,0.0134,0.000826396281633936
"19",39,0.003,3e-04,0.000386879060529916,1.327,0.0134,0.000826396281633936
"20",40,0.00225,3e-04,0.000386879060529916,0.849,0.0134,0.000826396281633936
"21",41,0.0095,3e-04,0.000386879060529916,1.166,0.0134,0.000826396281633936
"22",42,0.0025,3e-04,0.000386879060529916,0.234,0.0134,0.000826396281633936
"23",43,0.0245,3e-04,0.000386879060529916,0.328,0.0134,0.000826396281633936
"24",60,0.0035,3e-04,0.000386879060529916,0.045,0.0134,0.000826396281633936
"25",61,0.03075,3e-04,0.000386879060529916,0.04,0.0134,0.000826396281633936
"26",64,0.0185,3e-04,0.000386879060529916,0.053,0.0134,0.000826396281633936
