Sample,PO4 Conc,PO4 STD,PO4 DL
12,0.932,0.001166667,0.001010666
13,0.243,0.001166667,0.001010666
14,0.113,0.001166667,0.001010666
15,0.024,0.001166667,0.001010666
16,0.276,0.001166667,0.001010666
17,0.136,0.001166667,0.001010666
18,0.369,0.001166667,0.001010666
19,0.054,0.001166667,0.001010666
20,0.023,0.001166667,0.001010666
21,0.0255,0.001166667,0.001010666
22,0.193,0.001166667,0.001010666
23,0.104,0.001166667,0.001010666
24,1.076,0.001166667,0.001010666
25,0.182,0.001166667,0.001010666
26,0.051,0.001166667,0.001010666
27,0.313,0.001166667,0.001010666
28,0.086,0.001166667,0.001010666
29,0.208,0.001166667,0.001010666
30,0.021,0.001166667,0.001010666
31,0.0375,0.001166667,0.001010666
32,0.119,0.001166667,0.001010666
33,0.746,0.001166667,0.001010666
34,0.109,0.001166667,0.001010666
35,0.029,0.001166667,0.001010666
36,0.475,0.001166667,0.001010666
37,0.079,0.001166667,0.001010666
38,0.43,0.001166667,0.001010666
39,0.278,0.001166667,0.001010666
40,0.822,0.001166667,0.001010666
41,0.165,0.001166667,0.001010666
42,0.592,0.001166667,0.001010666
43,0.215,0.001166667,0.001010666
44,0.094,0.001166667,0.001010666
45,0.049,0.001166667,0.001010666
46,0.211,0.001166667,0.001010666
47,0.343,0.001166667,0.001010666
48,0.06,0.001166667,0.001010666
49,0.041,0.001166667,0.001010666
50,0.004,0.001166667,0.001010666
51,0.0105,0.001166667,0.001010666
52,0.194,0.001166667,0.001010666
53,0.136,0.001166667,0.001010666
54,0.453,0.001166667,0.001010666
55,0.236,0.001166667,0.001010666
56,0.124,0.001166667,0.001010666
57,0.128,0.001166667,0.001010666
58,0.694,0.001166667,0.001010666
59,0.364,0.001166667,0.001010666
60,0.136,0.001166667,0.001010666
61,0.1295,0.001166667,0.001010666
62,0.082,0.001166667,0.001010666
63,0.059,0.001166667,0.001010666
64,0.018,0.001166667,0.001010666
65,0.009,0.001166667,0.001010666
66,0.588,0.001166667,0.001010666
67,0.453,0.001166667,0.001010666
68,0.305,0.001166667,0.001010666
69,0.122,0.001166667,0.001010666
70,0.697,0.001166667,0.001010666
71,0.2865,0.001166667,0.001010666
72,1.442,0.001166667,0.001010666
73,0.069,0.001166667,0.001010666
