"","Lab_ID","NOx.Conc..y","NOx.STD.y","NOx.DL.y","NH3.Conc..x","NH3.STD.x","NH3.DL.x","PO4.Conc.","PO4.STD","PO4.DL","KCl_run_name","Ol.P_run_name"
"1",1,0.028,0.0012,0.00154751624211967,2.466,0.0134,0.000826396,NA,NA,NA,"WF_KCl_NOx_NH3_28Feb25",""
"2",2,0.026,0.0012,0.00154751624211967,0.578,0.0134,0.000826396,NA,NA,NA,"WF_KCl_NOx_NH3_28Feb25",""
"3",3,0.938,0.0012,0.00154751624211967,0.297,0.0134,0.000826396,NA,NA,NA,"WF_KCl_NOx_NH3_28Feb25",""
"4",4,0.218,0.0012,0.00154751624211967,0.397,0.0134,0.000826396,NA,NA,NA,"WF_KCl_NOx_NH3_28Feb25",""
"5",5,0.037,0.0012,0.00154751624211967,1.808,0.0134,0.000826396,NA,NA,NA,"WF_KCl_NOx_NH3_28Feb25",""
"6",6,0.04,0.0012,0.00154751624211967,2.631,0.0134,0.000826396,NA,NA,NA,"WF_KCl_NOx_NH3_28Feb25",""
"7",7,0.024,0.0012,0.00154751624211967,1.38,0.0134,0.000826396,NA,NA,NA,"WF_KCl_NOx_NH3_28Feb25",""
"8",8,0.016,0.0012,0.00154751624211967,0.59,0.0134,0.000826396,NA,NA,NA,"WF_KCl_NOx_NH3_28Feb25",""
"9",9,0.032,0.0012,0.00154751624211967,2.592,0.0134,0.000826396,NA,NA,NA,"WF_KCl_NOx_NH3_28Feb25",""
"10",10,0.018,0.0012,0.00154751624211967,0.6065,0.0134,0.000826396,NA,NA,NA,"WF_KCl_NOx_NH3_28Feb25",""
"11",11,0.026,0.0012,0.00154751624211967,0.063,0.0134,0.000826396,NA,NA,NA,"WF_KCl_NOx_NH3_28Feb25",""
"12",12,0.054,5e-04,0.00170825392181924,1.641,0.00175,0.000923112,0.932,0.001166667,0.001010666,"WF_KCL_NOx_NH3_12-73_14Feb25","WF_Ol-P_PO4_28Feb25"
"13",13,0.012,5e-04,0.00170825392181924,0.018,0.00175,0.000923112,0.243,0.001166667,0.001010666,"WF_KCL_NOx_NH3_12-73_14Feb25","WF_Ol-P_PO4_28Feb25"
"14",14,0.02,5e-04,0.00170825392181924,0.616,0.00175,0.000923112,0.113,0.001166667,0.001010666,"WF_KCL_NOx_NH3_12-73_14Feb25","WF_Ol-P_PO4_28Feb25"
"15",15,0.022,0.0012,0.00154751624211967,0.04,0.0134,0.000826396,0.024,0.001166667,0.001010666,"WF_KCl_NOx_NH3_28Feb25","WF_Ol-P_PO4_28Feb25"
"16",16,0.028,5e-04,0.00170825392181924,0.865,0.00175,0.000923112,0.276,0.001166667,0.001010666,"WF_KCL_NOx_NH3_12-73_14Feb25","WF_Ol-P_PO4_28Feb25"
"17",17,0.05,5e-04,0.00170825392181924,0.647,0.00175,0.000923112,0.136,0.001166667,0.001010666,"WF_KCL_NOx_NH3_12-73_14Feb25","WF_Ol-P_PO4_28Feb25"
"18",18,0.104,5e-04,0.00170825392181924,0.169,0.00175,0.000923112,0.369,0.001166667,0.001010666,"WF_KCL_NOx_NH3_12-73_14Feb25","WF_Ol-P_PO4_28Feb25"
"19",19,0.014,5e-04,0.00170825392181924,0.023,0.00175,0.000923112,0.054,0.001166667,0.001010666,"WF_KCL_NOx_NH3_12-73_14Feb25","WF_Ol-P_PO4_28Feb25"
"20",20,0.012,5e-04,0.00170825392181924,0.023,0.00175,0.000923112,0.023,0.001166667,0.001010666,"WF_KCL_NOx_NH3_12-73_14Feb25","WF_Ol-P_PO4_28Feb25"
"21",21,0.018,5e-04,0.00170825392181924,0.021,0.00175,0.000923112,0.0255,0.001166667,0.001010666,"WF_KCL_NOx_NH3_12-73_14Feb25","WF_Ol-P_PO4_28Feb25"
"22",22,0.034,5e-04,0.00170825392181924,0.4,0.00175,0.000923112,0.193,0.001166667,0.001010666,"WF_KCL_NOx_NH3_12-73_14Feb25","WF_Ol-P_PO4_28Feb25"
"23",23,0.06,0.0012,0.00154751624211967,0.531,0.0134,0.000826396,0.104,0.001166667,0.001010666,"WF_KCl_NOx_NH3_28Feb25","WF_Ol-P_PO4_28Feb25"
"24",24,0.02,5e-04,0.00170825392181924,0.818,0.00175,0.000923112,1.076,0.001166667,0.001010666,"WF_KCL_NOx_NH3_12-73_14Feb25","WF_Ol-P_PO4_28Feb25"
"25",25,0.192,5e-04,0.00170825392181924,1.294,0.00175,0.000923112,0.182,0.001166667,0.001010666,"WF_KCL_NOx_NH3_12-73_14Feb25","WF_Ol-P_PO4_28Feb25"
"26",26,0.076,5e-04,0.00170825392181924,0.152,0.00175,0.000923112,0.051,0.001166667,0.001010666,"WF_KCL_NOx_NH3_12-73_14Feb25","WF_Ol-P_PO4_28Feb25"
"27",27,0.254,5e-04,0.00170825392181924,0.911,0.00175,0.000923112,0.313,0.001166667,0.001010666,"WF_KCL_NOx_NH3_12-73_14Feb25","WF_Ol-P_PO4_28Feb25"
"28",28,0.012,5e-04,0.00170825392181924,0.043,0.00175,0.000923112,0.086,0.001166667,0.001010666,"WF_KCL_NOx_NH3_12-73_14Feb25","WF_Ol-P_PO4_28Feb25"
"29",29,0.012,0.0012,0.00154751624211967,1.325,0.0134,0.000826396,0.208,0.001166667,0.001010666,"WF_KCl_NOx_NH3_28Feb25","WF_Ol-P_PO4_28Feb25"
"30",30,0.02,5e-04,0.00170825392181924,0.026,0.00175,0.000923112,0.021,0.001166667,0.001010666,"WF_KCL_NOx_NH3_12-73_14Feb25","WF_Ol-P_PO4_28Feb25"
"31",31,0.03,5e-04,0.00170825392181924,0.156,0.00175,0.000923112,0.0375,0.001166667,0.001010666,"WF_KCL_NOx_NH3_12-73_14Feb25","WF_Ol-P_PO4_28Feb25"
"32",32,0.018,5e-04,0.00170825392181924,0.198,0.00175,0.000923112,0.119,0.001166667,0.001010666,"WF_KCL_NOx_NH3_12-73_14Feb25","WF_Ol-P_PO4_28Feb25"
"33",33,0.016,5e-04,0.00170825392181924,0.915,0.00175,0.000923112,0.746,0.001166667,0.001010666,"WF_KCL_NOx_NH3_12-73_14Feb25","WF_Ol-P_PO4_28Feb25"
"34",34,0.074,0.0012,0.00154751624211967,0.357,0.0134,0.000826396,0.109,0.001166667,0.001010666,"WF_KCl_NOx_NH3_28Feb25","WF_Ol-P_PO4_28Feb25"
"35",35,0.014,5e-04,0.00170825392181924,0.0295,0.00175,0.000923112,0.029,0.001166667,0.001010666,"WF_KCL_NOx_NH3_12-73_14Feb25","WF_Ol-P_PO4_28Feb25"
"36",36,0.03,0.0012,0.00154751624211967,0.765,0.0134,0.000826396,0.475,0.001166667,0.001010666,"WF_KCl_NOx_NH3_28Feb25","WF_Ol-P_PO4_28Feb25"
"37",37,0.218,0.0012,0.00154751624211967,0.319,0.0134,0.000826396,0.079,0.001166667,0.001010666,"WF_KCl_NOx_NH3_28Feb25","WF_Ol-P_PO4_28Feb25"
"38",38,0.01,0.0012,0.00154751624211967,0.363,0.0134,0.000826396,0.43,0.001166667,0.001010666,"WF_KCl_NOx_NH3_28Feb25","WF_Ol-P_PO4_28Feb25"
"39",39,0.012,0.0012,0.00154751624211967,1.327,0.0134,0.000826396,0.278,0.001166667,0.001010666,"WF_KCl_NOx_NH3_28Feb25","WF_Ol-P_PO4_28Feb25"
"40",40,0.009,0.0012,0.00154751624211967,0.849,0.0134,0.000826396,0.822,0.001166667,0.001010666,"WF_KCl_NOx_NH3_28Feb25","WF_Ol-P_PO4_28Feb25"
"41",41,0.038,0.0012,0.00154751624211967,1.166,0.0134,0.000826396,0.165,0.001166667,0.001010666,"WF_KCl_NOx_NH3_28Feb25","WF_Ol-P_PO4_28Feb25"
"42",42,0.01,0.0012,0.00154751624211967,0.234,0.0134,0.000826396,0.592,0.001166667,0.001010666,"WF_KCl_NOx_NH3_28Feb25","WF_Ol-P_PO4_28Feb25"
"43",43,0.098,0.0012,0.00154751624211967,0.328,0.0134,0.000826396,0.215,0.001166667,0.001010666,"WF_KCl_NOx_NH3_28Feb25","WF_Ol-P_PO4_28Feb25"
"44",44,0.168,5e-04,0.00170825392181924,0.037,0.00175,0.000923112,0.094,0.001166667,0.001010666,"WF_KCL_NOx_NH3_12-73_14Feb25","WF_Ol-P_PO4_28Feb25"
"45",45,0.276,5e-04,0.00170825392181924,0.046,0.00175,0.000923112,0.049,0.001166667,0.001010666,"WF_KCL_NOx_NH3_12-73_14Feb25","WF_Ol-P_PO4_28Feb25"
"46",46,0.046,5e-04,0.00170825392181924,0.4,0.00175,0.000923112,0.211,0.001166667,0.001010666,"WF_KCL_NOx_NH3_12-73_14Feb25","WF_Ol-P_PO4_28Feb25"
"47",47,0.05,5e-04,0.00170825392181924,0.381,0.00175,0.000923112,0.343,0.001166667,0.001010666,"WF_KCL_NOx_NH3_12-73_14Feb25","WF_Ol-P_PO4_28Feb25"
"48",48,0.09,5e-04,0.00170825392181924,0.026,0.00175,0.000923112,0.06,0.001166667,0.001010666,"WF_KCL_NOx_NH3_12-73_14Feb25","WF_Ol-P_PO4_28Feb25"
"49",49,0.082,5e-04,0.00170825392181924,0.061,0.00175,0.000923112,0.041,0.001166667,0.001010666,"WF_KCL_NOx_NH3_12-73_14Feb25","WF_Ol-P_PO4_28Feb25"
"50",50,0.014,5e-04,0.00170825392181924,0.021,0.00175,0.000923112,0.004,0.001166667,0.001010666,"WF_KCL_NOx_NH3_12-73_14Feb25","WF_Ol-P_PO4_28Feb25"
"51",51,0.016,5e-04,0.00170825392181924,0.022,0.00175,0.000923112,0.0105,0.001166667,0.001010666,"WF_KCL_NOx_NH3_12-73_14Feb25","WF_Ol-P_PO4_28Feb25"
"52",52,0.026,5e-04,0.00170825392181924,0.038,0.00175,0.000923112,0.194,0.001166667,0.001010666,"WF_KCL_NOx_NH3_12-73_14Feb25","WF_Ol-P_PO4_28Feb25"
"53",53,0.107,5e-04,0.00170825392181924,0.031,0.00175,0.000923112,0.136,0.001166667,0.001010666,"WF_KCL_NOx_NH3_12-73_14Feb25","WF_Ol-P_PO4_28Feb25"
"54",54,0.028,5e-04,0.00170825392181924,0.149,0.00175,0.000923112,0.453,0.001166667,0.001010666,"WF_KCL_NOx_NH3_12-73_14Feb25","WF_Ol-P_PO4_28Feb25"
"55",55,0.022,5e-04,0.00170825392181924,0.541,0.00175,0.000923112,0.236,0.001166667,0.001010666,"WF_KCL_NOx_NH3_12-73_14Feb25","WF_Ol-P_PO4_28Feb25"
"56",56,0.028,5e-04,0.00170825392181924,0.183,0.00175,0.000923112,0.124,0.001166667,0.001010666,"WF_KCL_NOx_NH3_12-73_14Feb25","WF_Ol-P_PO4_28Feb25"
"57",57,0.054,5e-04,0.00170825392181924,0.169,0.00175,0.000923112,0.128,0.001166667,0.001010666,"WF_KCL_NOx_NH3_12-73_14Feb25","WF_Ol-P_PO4_28Feb25"
"58",58,0.024,5e-04,0.00170825392181924,0.748,0.00175,0.000923112,0.694,0.001166667,0.001010666,"WF_KCL_NOx_NH3_12-73_14Feb25","WF_Ol-P_PO4_28Feb25"
"59",59,0.024,5e-04,0.00170825392181924,1.21,0.00175,0.000923112,0.364,0.001166667,0.001010666,"WF_KCL_NOx_NH3_12-73_14Feb25","WF_Ol-P_PO4_28Feb25"
"60",60,0.014,0.0012,0.00154751624211967,0.045,0.0134,0.000826396,0.136,0.001166667,0.001010666,"WF_KCl_NOx_NH3_28Feb25","WF_Ol-P_PO4_28Feb25"
"61",61,0.123,0.0012,0.00154751624211967,0.04,0.0134,0.000826396,0.1295,0.001166667,0.001010666,"WF_KCl_NOx_NH3_28Feb25","WF_Ol-P_PO4_28Feb25"
"62",62,0.096,5e-04,0.00170825392181924,0.07,0.00175,0.000923112,0.082,0.001166667,0.001010666,"WF_KCL_NOx_NH3_12-73_14Feb25","WF_Ol-P_PO4_28Feb25"
"63",63,0.066,5e-04,0.00170825392181924,0.029,0.00175,0.000923112,0.059,0.001166667,0.001010666,"WF_KCL_NOx_NH3_12-73_14Feb25","WF_Ol-P_PO4_28Feb25"
"64",64,0.074,0.0012,0.00154751624211967,0.053,0.0134,0.000826396,0.018,0.001166667,0.001010666,"WF_KCl_NOx_NH3_28Feb25","WF_Ol-P_PO4_28Feb25"
"65",65,0.08,5e-04,0.00170825392181924,0.046,0.00175,0.000923112,0.009,0.001166667,0.001010666,"WF_KCL_NOx_NH3_12-73_14Feb25","WF_Ol-P_PO4_28Feb25"
"66",66,0.02,5e-04,0.00170825392181924,0.229,0.00175,0.000923112,0.588,0.001166667,0.001010666,"WF_KCL_NOx_NH3_12-73_14Feb25","WF_Ol-P_PO4_28Feb25"
"67",67,0.034,5e-04,0.00170825392181924,1.908,0.00175,0.000923112,0.453,0.001166667,0.001010666,"WF_KCL_NOx_NH3_12-73_14Feb25","WF_Ol-P_PO4_28Feb25"
"68",68,0.028,5e-04,0.00170825392181924,0.072,0.00175,0.000923112,0.305,0.001166667,0.001010666,"WF_KCL_NOx_NH3_12-73_14Feb25","WF_Ol-P_PO4_28Feb25"
"69",69,0.02,5e-04,0.00170825392181924,0.619,0.00175,0.000923112,0.122,0.001166667,0.001010666,"WF_KCL_NOx_NH3_12-73_14Feb25","WF_Ol-P_PO4_28Feb25"
"70",70,0.026,5e-04,0.00170825392181924,1.011,0.00175,0.000923112,0.697,0.001166667,0.001010666,"WF_KCL_NOx_NH3_12-73_14Feb25","WF_Ol-P_PO4_28Feb25"
"71",71,0.034,5e-04,0.00170825392181924,0.843,0.00175,0.000923112,0.2865,0.001166667,0.001010666,"WF_KCL_NOx_NH3_12-73_14Feb25","WF_Ol-P_PO4_28Feb25"
"72",72,0.146,5e-04,0.00170825392181924,1.045,0.00175,0.000923112,1.442,0.001166667,0.001010666,"WF_KCL_NOx_NH3_12-73_14Feb25","WF_Ol-P_PO4_28Feb25"
"73",73,0.15,5e-04,0.00170825392181924,1.104,0.00175,0.000923112,0.069,0.001166667,0.001010666,"WF_KCL_NOx_NH3_12-73_14Feb25","WF_Ol-P_PO4_28Feb25"
