Sample_No,Vial No,Date,Site,Classification,Position,Transect,Sample Depth (cm),,Pre-sieve wt (g),Post-sieve wt (g),% CF,CF vol (ml),tin tar wt (g),tin+wet wt (g),tin+dry wt (g),GWC (g/g),,KCl soil wt (g),bicarb soil wt (g),H2O soil wt (g),pH/EC soil wt (g),pH,EC (uS/cm),Notes
,1,10/13/2024,Wapiti SW,Northeast Facing,Hill,Lower,0-2,,287.7,89.5,68.9,70.0,1.0,5.0,4.7,0.081,,10.0,2.0,7.5,15.0,7.03,,Bicarb extracted in 50 mL by mistake
,2,10/13/2024,Wapiti SW,Northeast Facing,Hill,Lower,2-6,,551.8,276.9,49.8,110.0,1.0,20.1,18.6,0.085,,10.0,2.0,7.5,15.0,7.42,,
,3,10/13/2024,Wapiti SW,Channel,Channel,Lower,0-2,,167.0,136.6,18.2,10.0,1.0,5.0,3.2,0.818,,10.0,2.0,7.5,15.0,7.48,,
,4,10/13/2024,Wapiti SW,Channel,Channel,Lower,2-6,,339.8,274.9,19.1,20.0,1.0,9.0,5.4,0.818,,10.0,2.0,7.6,15.1,7.11,,
,5,10/13/2024,Wapiti SW,Northwest Facing,Hill,Lower,0-2,,221.8,31.3,85.9,70.0,1.0,3.0,2.8,0.111,,5.0,2.0,5.1,5.0,8.17,,
,6,10/13/2024,Wapiti SW,Northwest Facing,Hill,Lower,2-6,,679.7,83.6,87.7,230.0,1.0,5.0,4.7,0.081,,5.1,2.1,7.5,5.0,7.73,,
,7,10/13/2024,Wapiti SE,Northeast Facing,Hill,Lower,0-2,,399.1,201.5,49.5,80.0,1.0,20.0,19.3,0.038,,10.0,2.1,7.5,15.1,7.03,,
,8,10/13/2024,Wapiti SE,Northeast Facing,Hill,Lower,2-6,,341.3,196.9,42.3,60.0,1.0,20.0,19.3,0.038,,10.0,2.0,7.5,15.0,6.69,,
,9,10/13/2024,Wapiti SE,Channel,Channel,Lower,0-2,,288.1,111.6,61.3,80.0,1.0,10.1,9.7,0.046,,10.1,2.0,7.5,15.0,7.48,,
,10,10/13/2024,Wapiti SE,Channel,Channel,Lower,2-6,,614.3,342.0,44.3,100.0,1.0,20.0,18.8,0.067,,10.0,2.0,7.6,15.1,6.96,,
,11,10/13/2024,SH Debri Flow @SFP,Debris Flow,Alluvial Fan,Lower,0-6,,1177.1,1083.4,8.0,20.0,1.0,20.0,18.2,0.105,,10.0,2.1,7.5,15.0,7.35,,
23,12,11/3/2024,Summer Home-1,East Facing,Hill,Lower,0-1,,643.7,114.2,82.3,,1.0,5.0,4.4,0.176,,10.0,2.0,7.4,15.0,7.62,333.95,
24,13,11/3/2024,Summer Home-1,East Facing,Hill,Lower,1-6,,1139.4,235.4,79.3,,1.0,5.0,4.9,0.026,,10.0,2.0,7.5,15.0,6.72,148.70,
19,14,11/3/2024,Summer Home-1,Channel,Channel,Lower,0-2,,797.5,322.5,59.6,,1.0,10.0,9.6,0.047,,10.0,2.1,7.5,15.0,7.64,31.00,
20,15,11/3/2024,Summer Home-1,Channel,Channel,Lower,2-6,,1082.3,282.3,73.9,,1.0,10.0,9.4,0.071,,10.1,2.1,7.6,15.0,7.63,60.98,
27,16,11/3/2024,Summer Home-1,West Facing,Hill,Lower,0-1,,461.4,325.7,29.4,,1.0,10.0,9.6,0.047,,10.1,2.1,7.6,15.0,8.71,15.00,
28,17,11/3/2024,Summer Home-1,West Facing,Hill,Lower,1-6,,942.7,721.8,23.4,,1.0,10.0,9.8,0.023,,10.1,2.0,7.5,15.0,8.23,68.62,
25,18,11/3/2024,Summer Home-1,East Facing,Hill,Upper,0-1,,580.1,272.4,53.0,,1.0,5.0,4.4,0.176,,10.0,2.0,7.5,15.0,8.29,148.60,
26,19,11/3/2024,Summer Home-1,East Facing,Hill,Upper,1-6,,930.5,562.0,39.6,,1.0,10.0,9.3,0.084,,10.0,2.0,7.5,15.0,7.84,55.13,
21,20,11/3/2024,Summer Home-1,Channel,Channel,Upper,0-2,,1274.6,652.6,48.8,,1.0,20.0,17.5,0.152,,10.3,2.1,7.6,15.0,8.30,26.46,
22,21,11/3/2024,Summer Home-1,Channel,Channel,Upper,2-6,,1737.1,523.8,69.8,,1.0,10.0,9.3,0.084,,10.2,2.0,7.4,15.0,8.37,20.58,
29,22,11/3/2024,Summer Home-1,West Facing,Hill,Upper,0-1,,511.4,262.7,48.6,,1.0,10.0,9.5,0.059,,10.1,2.0,7.6,15.0,7.97,100.40,
30,23,11/3/2024,Summer Home-1,West Facing,Hill,Upper,1-6,,1200.8,717.3,40.3,,1.0,10.0,9.3,0.084,,10.1,2.0,7.5,15.0,7.90,81.58,
,24,11/3/2024,Summer Home-4,Debris Flow,Hill Ash,Below Road,0-1,,385.1,313.5,18.6,,1.0,20.5,14.3,0.466,,10.1,2.2,7.6,15.1,7.91,183.10,South Facing
,25,11/3/2024,Summer Home-4,Debris Flow,Hill,Below Road,1-6,,1142.0,759.6,33.5,,1.0,10.0,9.3,0.084,,10.0,2.0,7.4,15.0,6.83,144.10,South Facing
,26,10/13/2024,SH Debri Flow @SFP,Debris Flow,Alluvial Fan,Lower,0-6,,1038.5,1001.8,3.5,,1.0,20.1,19.0,0.061,,10.0,2.1,7.6,15.1,7.39,68.89,"Sample 11 was resampled, so 11 = 26"
,27,11/3/2024,Summer Home-4,Debris Flow,Hill,DF sed on burn,0-2,,547.3,380.3,30.5,,1.0,10.0,8.9,0.139,,10.2,2.0,7.6,15.1,6.88,194.90,
,28,11/3/2024,Summer Home-4,Debris Flow,Hill,levee,,,2196.9,1051.9,52.1,,1.0,10.0,9.2,0.098,,10.2,2.0,7.5,15.0,6.98,178.90,
,29,11/3/2024,Summer Home-4,Debris Flow,Hill,Severe Burn,2-6,,1033.8,611.0,40.9,,1.0,20.0,18.9,0.061,,10.3,2.0,7.6,15.0,7.29,225.60,
,30,11/3/2024,SFP@Summer Home-4,Debris Flow,Alluvial Fan,Fine sed,0-6,,2529.3,1699.0,32.8,,1.0,20.0,16.2,0.250,,9.9,2.2,7.5,15.2,7.99,39.08,Most Eastern debris flow past SH. Just made it to SFP
,31,11/3/2024,SFP@Summer Home-4,Debris Flow,Alluvial Fan,Coarse sed,0-6,,3194.3,1443.8,54.8,,1.0,20.9,19.2,0.093,,10.3,2.2,7.7,15.2,7.85,33.77,Most Eastern debris flow past SH. Just made it to SFP
,32,11/3/2024,SFP@Summer Home-2,Debris Flow,Alluvial Fan,,0-6,,2165.2,1575.3,27.2,,1.0,20.2,18.1,0.123,,10.1,2.3,7.5,15.2,7.96,158.50,Most wester debris flow past SH. Smaller and just made it to SFP
,33,11/3/2024,,South Facing ,,Severe Burn,0-12,,1605.5,696.5,56.6,,1.0,20.0,15.2,0.338,,10.2,2.0,7.5,15.0,8.11,616.90,
,34,11/3/2024,Summer Home-4,Debris Flow,,,,,2262.7,1286.2,43.2,,1.0,20.0,17.0,0.188,,10.0,2.1,7.5,15.1,7.95,72.60,
,35,11/3/2024,Summer Home-1,Debris Flow,Channel,,0-6,,2175.0,320.3,85.3,,1.0,20.1,17.6,0.151,,10.0,2.2,7.6,15.1,8.12,34.54,
,36,11/3/2024,Rill-1,,,Burned surface,0-2,,882.8,354.3,59.9,,1.0,20.0,16.4,0.234,,10.3,2.0,7.6,15.0,7.56,192.50,South Facing
,37,11/3/2024,Rill-1,,,Unburned subsurface,2-6,,1190.4,806.2,32.3,,1.0,10.3,9.1,0.148,,10.0,2.0,7.6,15.0,7.34,144.00,South Facing
11,38,11/4/2024,Camp Creek,East Facing,Hill,Lower,0-2,,774.7,535.3,30.9,,1.0,10.1,8.2,0.264,,10.0,2.0,7.4,15.1,7.96,395.70,
12,39,11/4/2024,Camp Creek,East Facing,Hill,Lower,2-6,,734.8,430.8,41.4,,1.0,10.1,9.7,0.046,,10.0,2.1,7.6,15.0,7.69,153.40,
17,40,11/4/2024,Camp Creek,West Facing,Hill,Lower,0-1,,459.1,196.7,57.2,,1.0,20.4,14.3,0.459,,10.0,2.1,7.6,15.1,8.46,372.50,
18,41,11/4/2024,Camp Creek,West Facing,Hill,Lower,1-6,,636.0,316.1,50.3,,1.0,10.1,9.2,0.110,,10.0,2.0,7.4,15.0,8.30,144.60,
11b,42,11/4/2024,Camp Creek,East Facing 2,Hill,Lower,0-1,,752.3,201.4,73.2,,1.0,10.1,7.0,0.517,,10.2,2.0,7.4,15.0,8.06,247.50,
12b,43,11/4/2024,Camp Creek,East Facing 2,Hill,Lower,1-6,,803.6,442.8,44.9,,1.0,10.0,8.8,0.154,,10.0,2.0,7.4,15.1,7.50,104.10,Sediment on burn on soil surface profile
14,44,11/4/2024,Camp Creek,East Facing,Hill,Upper,3-6,,1017.7,642.2,36.9,,1.0,20.2,18.7,0.085,,10.0,2.1,7.5,15.1,6.80,100.90,Sediment on burn on soil surface profile
16,45,11/4/2024,Camp Creek,West Facing,Hill,Upper,1-6,,941.3,559.8,40.5,,1.0,20.1,17.0,0.194,,10.0,2.0,7.4,15.0,6.33,108.70,
15,46,11/4/2024,Camp Creek,West Facing,Hill,Upper,0-1,,636.9,375.4,41.1,,1.0,20.0,16.3,0.242,,10.1,2.2,7.4,15.1,7.48,180.80,
13,47,11/4/2024,Camp Creek,East Facing,Hill,Upper,0-3,,1144.7,598.4,47.7,,1.0,20.1,18.0,0.124,,10.2,2.1,7.6,15.0,7.91,104.10,
7,48,11/4/2024,Camp Creek,Channel,Channel,Lower,0-2,,814.3,578.5,29.0,,1.0,20.1,17.6,0.151,,10.2,2.1,7.5,15.0,8.07,80.64,
8,49,11/4/2024,Camp Creek,Channel,Channel,Lower,2-6,,1207.3,944.0,21.8,,1.0,20.1,17.8,0.137,,10.1,2.0,7.4,15.0,7.91,104.00,
9,50,11/4/2024,Camp Creek,Channel,Channel,Upper,0-2,,726.7,198.2,72.7,,1.0,10.0,9.3,0.084,,10.1,2.1,7.4,15.1,7.76,40.37,
10,51,11/4/2024,Camp Creek,Channel,Channel,Upper,2-6,,1093.4,194.2,82.2,,1.0,10.1,9.2,0.110,,10.0,2.0,7.5,15.0,7.52,47.62,
,52,11/9/2024,Wapiti Creek,East Facing,Hill,Lower,0-2,,584.2,336.9,42.3,,1.0,20.1,15.5,0.317,,10.1,2.0,7.4,15.1,7.29,100.70,Frozen soils
,53,11/9/2024,Wapiti Creek,East Facing,Hill,Lower,2-6,,876.9,447.0,49.0,,1.0,20.2,18.2,0.116,,10.1,2.0,7.6,15.0,7.30,73.43,Frozen soils
,54,11/9/2024,Wapiti Creek,West Facing,Hill,Lower,0-1,,346.1,149.8,56.7,,1.0,5.1,3.8,0.464,,10.1,2.1,7.5,15.0,7.61,325.40,Frozen soils
,55,11/9/2024,Wapiti Creek,West Facing,Hill,Lower,1-6,,434.2,299.0,31.1,,1.0,10.0,9.4,0.071,,10.1,2.0,7.4,15.0,7.39,131.70,Frozen soils
,56,11/9/2024,Wapiti Creek,Channel,Channel,Lower,0-2,,971.1,309.3,68.1,,1.0,10.1,8.4,0.230,,10.1,2.1,7.9,15.1,7.46,150.90,Frozen soils
,57,11/9/2024,Wapiti Creek,Channel,Channel,Lower,2-6,,1547.6,554.6,64.2,,1.0,20.3,17.0,0.206,,10.3,2.1,7.6,15.0,7.83,115.30,Frozen soils
,58,11/9/2024,Wapiti Creek,West Facing,Hill,Upper,0-2,,297.2,217.5,26.8,,1.0,10.0,7.1,0.475,,10.2,2.0,7.5,15.0,8.13,257.60,Frozen soils
,59,11/9/2024,Wapiti Creek,West Facing,Hill,Upper,2-6,,489.9,380.7,22.3,,1.0,10.1,8.9,0.152,,10.0,2.0,7.4,15.0,7.36,104.70,Frozen soils
5,60,11/4/2024,Blue Jay Creek,South Facing,Hill,Lower,0-2,,567.0,293.1,48.3,,1.0,10.1,8.4,0.230,,10.1,2.1,7.5,15.0,6.83,82.03,
6,61,11/4/2024,Blue Jay Creek,South Facing,Hill,Lower,2-6,,917.2,401.4,56.2,,1.0,10.2,9.0,0.150,,10.2,2.1,7.5,15.1,7.03,61.27,
3,62,11/4/2024,Blue Jay Creek,Northeast Facing,Hill,Lower,0-2,,944.7,446.3,52.8,,1.0,10.3,8.9,0.177,,10.0,2.0,7.5,15.0,6.23,59.40,
4,63,11/4/2024,Blue Jay Creek,Northeast Facing,Hill,Lower,2-6,,895.0,647.4,27.7,,1.0,20.4,18.1,0.135,,10.0,2.0,7.4,15.0,6.89,51.06,
1,64,11/4/2024,Blue Jay Creek,Channel,Channel,Lower,0-2,,991.8,439.6,55.7,,1.0,20.2,15.9,0.289,,10.1,2.0,7.6,15.1,7.92,57.90,
2,65,11/4/2024,Blue Jay Creek,Channel,Channel,Lower,2-6,,914.8,259.0,71.7,,1.0,10.3,8.3,0.274,,10.0,2.1,7.6,15.2,7.90,201.00,
33,66,11/2/2024,GO Creek,East Facing,Hill,Lower,0-2,,263.7,169.5,35.7,,1.0,10.1,6.1,0.784,,10.3,2.2,7.8,15.0,7.31,394.30,GO soils extremely wet. ramp on side of GO creek catchment
34,67,11/2/2024,GO Creek,East Facing,Hill,Lower,2-6,,915.4,469.1,48.8,,1.0,10.1,8.9,0.152,,10.1,2.0,7.4,15.0,7.48,167.70,GO soils extremely wet. ramp on side of GO creek catchment
35,68,11/2/2024,GO Creek,South Facing,Hill,Lower,0-2,,736.9,555.6,24.6,,1.0,20.4,16.0,0.293,,10.2,2.1,7.8,15.1,7.98,179.30,GO soils extremely wet
36,69,11/2/2024,GO Creek,South Facing,Hill,Lower,2-6,,1637.3,957.4,41.5,,1.0,10.1,9.6,0.058,,10.1,2.1,7.5,15.1,7.60,260.50,GO soils extremely wet
37,70,11/2/2024,GO Creek,North Facing,Hill,Lower,0-2,,737.2,219.0,70.3,,1.0,10.2,6.5,0.673,,10.4,2.0,7.5,15.1,7.99,565.50,GO soils extremely wet
38,71,11/2/2024,GO Creek,North Facing,Hill,Lower,2-6,,868.1,385.5,55.6,,1.0,10.2,9.0,0.150,,10.2,2.0,7.5,15.0,7.75,211.50,GO soils extremely wet
31,72,11/2/2024,GO Creek,Channel,Channel,Lower,0-2,,176.5,118.7,32.7,,1.0,5.2,2.2,2.500,,10.1,2.1,7.4,15.1,8.00,730.10,GO soils extremely wet
32,73,11/2/2024,GO Creek,Channel,Channel,Lower,2-6,,711.4,511.4,28.1,,1.0,10.0,7.7,0.343,,10.2,2.0,7.4,15.2,7.71,139.50,GO soils extremely wet
,,,,,,,,,,,,,,,,,,,,,,,,
,,,,,,,,,,,,,,,,,,,,,,,,
100,,,Summer Home-2,SFP,DF Fan,Lower,0-6,,,,,,,,,,,,,,,,,
101,,,Summer Home-4,South Facing,Hill,Below Road,?,,,,,,,,,,,,,,,,,Control Ash & Soil
102,,,Summer Home-4,South Facing,Hill,Below Road,?,,,,,,,,,,,,,,,,,Debris Flow Sediments
103,,,Summer Home-4,SFP,DF Fan,Lower,0-6,,,,,,,,,,,,,,,,,Coarse Sediment Materials
104,,,Summer Home-4,SFP,DF Fan,Lower,0-6,,,,,,,,,,,,,,,,,Fine Sediment Materials