,Lab_ID,NOx.mg.per.g,NH3.mg.per.g,PO4.mg.per.g,Site,Classification,Old_class,Position,Transect,Sample.Depth..cm.,RdNBR,STD.NOx,STD.NH3,STD.PO4,pH,EC (uS/cm)
1,1,0.001523395,0.134167573,NA,Wapiti SW,Hillslope,Northeast Facing,Hill,Lower,'0-2,1446.829026,0.0012,0.0134,NA,7.03,
2,2,0.001420765,0.031584699,NA,Wapiti SW,Hillslope,Northeast Facing,Hill,Lower,'2-6,1446.829026,0.0012,0.0134,NA,7.42,
3,3,0.257692308,0.081593407,NA,Wapiti SW,Channel,Channel,Channel,Lower,'0-2,1632.24373,0.0012,0.0134,NA,7.48,
4,4,0.05989011,0.109065934,NA,Wapiti SW,Channel,Channel,Channel,Lower,'2-6,1632.24373,0.0012,0.0134,NA,7.11,
5,5,0.00416198,0.203374578,NA,Wapiti SW,Hillslope,Northwest Facing,Hill,Lower,'0-2,486.3882519,0.0012,0.0134,NA,8.17,
6,6,0.004267213,0.280675927,NA,Wapiti SW,Hillslope,Northwest Facing,Hill,Lower,'2-6,486.3882519,0.0012,0.0134,NA,7.73,
7,7,0.001247401,0.071725572,NA,Wapiti SE,Hillslope,Northeast Facing,Hill,Lower,'0-2,1931.405637,0.0012,0.0134,NA,7.03,
8,8,0.000831601,0.030665281,NA,Wapiti SE,Hillslope,Northeast Facing,Hill,Lower,'2-6,1931.405637,0.0012,0.0134,NA,6.69,
9,9,0.001660543,0.134504016,NA,Wapiti SE,Channel,Channel,Channel,Lower,'0-2,1665.408529,0.0012,0.0134,NA,7.48,
10,10,0.00096463,0.03250268,NA,Wapiti SE,Channel,Channel,Channel,Lower,'2-6,1665.408529,0.0012,0.0134,NA,6.96,
11,11,0.001452514,0.003519553,NA,SH Debri Flow @SFP,Debris Flow,Debris Flow,Alluvial Fan,Lower,'0-6,497.8711074,0.0012,0.0134,NA,7.35,
12,12,0.003276699,0.099575243,0.226213592,Summer Home-1,Hillslope,East Facing,Hill,Lower,'0-1,556.0952477,5.00E-04,0.00175,0.001166667,7.62,333.95
13,13,0.000616016,0.000924025,0.049897331,Summer Home-1,Hillslope,East Facing,Hill,Lower,'1-6,556.0952477,5.00E-04,0.00175,0.001166667,6.72,148.7
14,14,0.001049318,0.032318993,0.02258532,Summer Home-1,Channel,Channel,Channel,Lower,'0-2,900.7745191,5.00E-04,0.00175,0.001166667,7.64,31
15,15,0.001172345,0.002131537,0.004920806,Summer Home-1,Channel,Channel,Channel,Lower,'2-6,900.7745191,0.0012,0.0134,0.001166667,7.63,60.98
16,16,0.0014545,0.044933664,0.055164143,Summer Home-1,Hillslope,West Facing,Hill,Lower,'0-1,1014.59055,5.00E-04,0.00175,0.001166667,8.71,15
17,17,0.002533518,0.032783729,0.027840328,Summer Home-1,Hillslope,West Facing,Hill,Lower,'1-6,1014.59055,5.00E-04,0.00175,0.001166667,8.23,68.62
18,18,0.00631068,0.010254854,0.089563107,Summer Home-1,Hillslope,East Facing,Hill,Upper,'0-1,528.9371655,5.00E-04,0.00175,0.001166667,8.29,148.6
19,19,0.000764192,0.001255459,0.011790393,Summer Home-1,Hillslope,East Facing,Hill,Upper,'1-6,528.9371655,5.00E-04,0.00175,0.001166667,7.84,55.13
20,20,0.000686939,0.001316633,0.005166217,Summer Home-1,Channel,Channel,Channel,Upper,'0-2,710.340113,5.00E-04,0.00175,0.001166667,8.3,26.46
21,21,0.000963267,0.001123812,0.005567686,Summer Home-1,Channel,Channel,Channel,Upper,'2-6,710.340113,5.00E-04,0.00175,0.001166667,8.37,20.58
22,22,0.001788702,0.02104355,0.041020191,Summer Home-1,Hillslope,West Facing,Hill,Upper,'0-1,744.7394,5.00E-04,0.00175,0.001166667,7.97,100.4
23,23,0.003242682,0.028697739,0.022707424,Summer Home-1,Hillslope,West Facing,Hill,Upper,'1-6,744.7394,0.0012,0.0134,0.001166667,7.9,81.58
24,24,0.001854118,0.075833426,0.366360232,Summer Home-4,Debris Flow,Debris Flow,Hill Ash,Below Road,'0-1,1790.964167,5.00E-04,0.00175,0.001166667,7.91,183.1
25,25,0.010480349,0.070633188,0.039737991,Summer Home-4,Debris Flow,Debris Flow,Hill,Below Road,'1-6,1342.028864,5.00E-04,0.00175,0.001166667,6.83,144.1
26,26,0.004046858,0.008093717,0.010345352,SH Debri Flow @SFP,Debris Flow,Debris Flow,Alluvial Fan,Lower,'0-6,497.8711074,5.00E-04,0.00175,0.001166667,7.39,68.89
27,27,0.014461069,0.051866275,0.072706156,Summer Home-4,Debris Flow,Debris Flow,Hill,DF sed on burn,'0-2,1250.01341,5.00E-04,0.00175,0.001166667,6.88,194.9
29,29,0.000620367,0.068498816,0.044302449,Summer Home-4,Debris Flow,Debris Flow,Hill,Severe Burn,'2-6,1250.01341,0.0012,0.0134,0.001166667,7.29,225.6
30,30,0.001346801,0.001750842,0.005090909,SFP@Summer Home-4,Debris Flow,Debris Flow,Alluvial Fan,Fine sed,'0-6,1297.859614,5.00E-04,0.00175,0.001166667,7.99,39.08
31,31,0.001605635,0.0083493,0.00751729,SFP@Summer Home-4,Debris Flow,Debris Flow,Alluvial Fan,Coarse sed,'0-6,1393.638923,5.00E-04,0.00175,0.001166667,7.85,33.77
32,32,0.001016065,0.011176716,0.023598235,SFP@Summer Home-2,Debris Flow,Debris Flow,Alluvial Fan,,'0-6,394.7501116,5.00E-04,0.00175,0.001166667,7.96,158.5
34,34,0.00455665,0.021982759,0.025568848,Summer Home-4,Debris Flow,Debris Flow,,,',1790.964167,0.0012,0.0134,0.001166667,7.95,72.6
35,35,0.000824499,0.001737338,0.006210515,Summer Home-1,Debris Flow,Debris Flow,Channel,Lower,'0-6,354.8093594,5.00E-04,0.00175,0.001166667,8.12,34.54
38,38,0.000679348,0.024660326,0.116847826,Camp Creek,Hillslope,East Facing,Hill,Lower,'0-2,798.4740749,0.0012,0.0134,0.001166667,7.96,395.7
39,39,0.000628931,0.069549266,0.05550564,Camp Creek,Hillslope,East Facing,Hill,Lower,'2-6,798.4740749,0.0012,0.0134,0.001166667,7.69,153.4
40,40,0.000831793,0.078465804,0.289411143,Camp Creek,Hillslope,West Facing,Hill,Lower,'0-1,1395.82556,0.0012,0.0134,0.001166667,8.46,372.5
41,41,0.002134831,0.065505618,0.037078652,Camp Creek,Hillslope,West Facing,Hill,Lower,'1-6,1395.82556,0.0012,0.0134,0.001166667,8.3,144.6
42,42,0.001014899,0.02374863,0.245134576,Camp Creek,Hillslope,East Facing 2,Hill,Lower,'0-1,767.7487853,0.0012,0.0134,0.001166667,8.06,247.5
43,43,0.005791962,0.019385343,0.050827423,Camp Creek,Hillslope,East Facing 2,Hill,Lower,'1-6,767.7487853,0.0012,0.0134,0.001166667,7.5,104.1
44,44,0.009180328,0.002021858,0.019568046,Camp Creek,Hillslope,East Facing,Hill,Upper,'3-6,715.533374,5.00E-04,0.00175,0.001166667,6.8,100.9
45,45,0.017121588,0.002853598,0.012158809,Camp Creek,Hillslope,West Facing,Hill,Upper,'1-6,1087.620399,5.00E-04,0.00175,0.001166667,6.33,108.7
46,46,0.003004258,0.026123984,0.050611657,Camp Creek,Hillslope,West Facing,Hill,Upper,'0-1,1087.620399,5.00E-04,0.00175,0.001166667,7.48,180.8
47,47,0.002797923,0.021320172,0.074581431,Camp Creek,Hillslope,East Facing,Hill,Upper,'0-3,715.533374,5.00E-04,0.00175,0.001166667,7.91,104.1
48,48,0.005196425,0.001501189,0.013461215,Camp Creek,Channel,Channel,Channel,Lower,'0-2,670.8203735,5.00E-04,0.00175,0.001166667,8.07,80.64
49,49,0.004703831,0.003499191,0.009501738,Camp Creek,Channel,Channel,Channel,Lower,'2-6,670.8203735,5.00E-04,0.00175,0.001166667,7.91,104
50,50,0.000756626,0.001134939,0.000831774,Camp Creek,Channel,Channel,Channel,Upper,'0-2,783.2364337,5.00E-04,0.00175,0.001166667,7.76,40.37
51,51,0.000898876,0.001235955,0.002359551,Camp Creek,Channel,Channel,Channel,Upper,'2-6,783.2364337,5.00E-04,0.00175,0.001166667,7.52,47.62
52,52,0.001884522,0.002754302,0.056808199,Wapiti Creek,Hillslope,East Facing,Hill,Lower,'0-2,776.1263667,5.00E-04,0.00175,0.001166667,7.29,100.7
53,53,0.005992115,0.001736033,0.030769231,Wapiti Creek,Hillslope,East Facing,Hill,Lower,'2-6,776.1263667,5.00E-04,0.00175,0.001166667,7.3,73.43
54,54,0.00258608,0.013761637,0.16098081,Wapiti Creek,Hillslope,West Facing,Hill,Lower,'0-1,356.5850016,5.00E-04,0.00175,0.001166667,7.61,325.4
55,55,0.001172345,0.02882904,0.05080732,Wapiti Creek,Hillslope,West Facing,Hill,Lower,'1-6,356.5850016,5.00E-04,0.00175,0.001166667,7.39,131.7
56,56,0.00180018,0.011765462,0.030674088,Wapiti Creek,Channel,Channel,Channel,Lower,'0-2,710.4872316,5.00E-04,0.00175,0.001166667,7.46,150.9
57,57,0.00330146,0.010332347,0.030706489,Wapiti Creek,Channel,Channel,Channel,Lower,'2-6,710.4872316,5.00E-04,0.00175,0.001166667,7.83,115.3
58,58,0.002240896,0.06984127,0.264380952,Wapiti Creek,Hillslope,West Facing,Hill,Upper,'0-2,1020.392576,5.00E-04,0.00175,0.001166667,8.13,257.6
59,59,0.001415094,0.07134434,0.085849057,Wapiti Creek,Hillslope,West Facing,Hill,Upper,'2-6,1020.392576,5.00E-04,0.00175,0.001166667,7.36,104.7
60,60,0.00090009,0.002893146,0.033642548,Blue Jay Creek,Hillslope,South Facing,Hill,Lower,'0-2,-302.7940135,0.0012,0.0134,0.001166667,6.83,82.03
61,61,0.007093426,0.002306805,0.029019608,Blue Jay Creek,Hillslope,South Facing,Hill,Lower,'2-6,-302.7940135,0.0012,0.0134,0.001166667,7.03,61.27
62,62,0.005832321,0.004252734,0.019927096,Blue Jay Creek,Hillslope,Northeast Facing,Hill,Lower,'0-2,173.0259693,5.00E-04,0.00175,0.001166667,6.23,59.4
63,63,0.003815029,0.001676301,0.013641618,Blue Jay Creek,Hillslope,Northeast Facing,Hill,Lower,'2-6,173.0259693,5.00E-04,0.00175,0.001166667,6.89,51.06
64,64,0.005152414,0.003690242,0.005063291,Blue Jay Creek,Channel,Channel,Channel,Lower,'0-2,-118.5668326,0.0012,0.0134,0.001166667,7.92,57.9
65,65,0.005509642,0.003168044,0.002361275,Blue Jay Creek,Channel,Channel,Channel,Lower,'2-6,-118.5668326,5.00E-04,0.00175,0.001166667,7.9,201
66,66,0.004494786,0.0514653,0.494949495,GO Creek,Hillslope,East Facing,Hill,Lower,'0-2,1180.983775,5.00E-04,0.00175,0.001166667,7.31,394.3
67,67,0.001984868,0.111386139,0.106839623,GO Creek,Hillslope,East Facing,Hill,Lower,'2-6,1180.983775,5.00E-04,0.00175,0.001166667,7.48,167.7
68,68,0.001941371,0.004992096,0.082171482,GO Creek,Hillslope,South Facing,Hill,Lower,'0-2,785.8226926,5.00E-04,0.00175,0.001166667,7.98,179.3
69,69,0.001051061,0.032530323,0.024668891,GO Creek,Hillslope,South Facing,Hill,Lower,'2-6,785.8226926,5.00E-04,0.00175,0.001166667,7.6,260.5
70,70,0.00382263,0.148641496,0.426299694,GO Creek,Hillslope,North Facing,Hill,Lower,'0-2,-146.3043534,5.00E-04,0.00175,0.001166667,7.99,565.5
71,71,0.001960784,0.048615917,0.067411765,GO Creek,Hillslope,North Facing,Hill,Lower,'2-6,-146.3043534,5.00E-04,0.00175,0.001166667,7.75,211.5
72,72,0.025,0.181,0.199,GO Creek,Channel,Channel,Channel,Lower,'0-2,2138.649356,5.00E-04,0.00175,0.001166667,8,730.1
73,73,0.011191691,0.082370848,0.021004566,GO Creek,Channel,Channel,Channel,Lower,'2-6,2138.649356,5.00E-04,0.00175,0.001166667,7.71,139.5
